Event,Event description,Timepoint start,Timepoint end,Quantity outcome 1,Reference/link to data,Accessed on,Comment
Conquests of Cyrus the Great,Combatants: Persian Empire vs. various statesLocation: Middle East,549 BC,530 BC,"100,000+",https://en.wikipedia.org/wiki/List_of_wars_by_death_toll,2023-01-20,"Number given is the sum of all deaths in battle recorded by writers during this time period, does not take into account civilian deaths, the actual number may be much greater."
Greco-Persian Wars,Combatants: Greek City-States vs. Persian EmpireLocation: Greece,499 BC,449 BC,"300,000+",https://en.wikipedia.org/wiki/List_of_wars_by_death_toll,2023-01-20,
Chinese Warring States,Combatants: Seven great powers of ChinaLocation: China,c. 475 BC , 221 BC,"1,500,000+",https://en.wikipedia.org/wiki/List_of_wars_by_death_toll,2023-01-20,"Estimated at 1,500,000 before Qin's wars of unification[1]"
Samnite Wars,Combatants: Roman Republic vs. SamnitesLocation: Italy,343 BC,290 BC,"33,500+",https://en.wikipedia.org/wiki/List_of_wars_by_death_toll,2023-01-20,"Number given is the sum of all deaths in battle recorded by Roman writers during this time period, does not take into account civilian deaths, the actual number may be much greater."
Wars of Alexander the Great,Combatants: Macedonian Empire and other Greek City-States vs. Persian Empire and various other statesLocation: Middle East / North Africa / Central Asia / India,336 BC,323 BC,"142,000+",https://en.wikipedia.org/wiki/List_of_wars_by_death_toll,2023-01-20,"Number given is the sum of all deaths in battle during these wars recorded by Greek writers, does not take into account civilian deaths, the actual number may be much greater."
Punic Wars,Combatants: Roman Republic vs. Carthaginian EmpireLocation: Western Europe / North Africa,264 BC,146 BC,"1,250,000-1,850,000",https://en.wikipedia.org/wiki/List_of_wars_by_death_toll,2023-01-20,
First Punic War,Combatants: Roman Republic vs. Carthaginian EmpireLocation: Southern Europe / North Africa,264 BC,241 BC,"400,000+",https://en.wikipedia.org/wiki/List_of_wars_by_death_toll,2023-01-20,- Part of the Punic Wars
Second Punic War,Combatants: Roman Republic vs. Carthaginian EmpireLocation: Western Europe / North Africa,218 BC,201 BC,"770,000+",https://en.wikipedia.org/wiki/List_of_wars_by_death_toll,2023-01-20,[2] - Part of the Punic Wars
Third Punic War,Combatants: Roman Republic vs. Carthaginian EmpireLocation: Tunisia,149 BC,146 BC,"150,000-250,000",https://en.wikipedia.org/wiki/List_of_wars_by_death_toll,2023-01-20,- Part of the Punic Wars
Kalinga War,Combatants: Maurya Empire vs. State of KalingaLocation: India,262 BC,261 BC,"150,000-200,000",https://en.wikipedia.org/wiki/List_of_wars_by_death_toll,2023-01-20,
Qin's Wars of Unification,"Combatants: Qin state vs. Han, Zhao, Yan, Wei, Chu, Qi StatesLocation: China",230 BC,221 BC,"700,000+[citation needed]",https://en.wikipedia.org/wiki/List_of_wars_by_death_toll,2023-01-20,- Part of Warring States Period
Cimbrian War,Combatants: Roman Republic vs. Cimbri and TeutonesLocation: Western Europe,113 BC,101 BC,"410,000-650,000",https://en.wikipedia.org/wiki/List_of_wars_by_death_toll,2023-01-20,- Part of the Germanic Wars
Roman civil wars from Social War (91-87 BC) to War of Actium,Combatants: Roman civil warsLocation: Europe/North Africa/Middle East,91 BC , 30 BC,"3,000,000+[3]",https://en.wikipedia.org/wiki/List_of_wars_by_death_toll,2023-01-20,Fall of the Roman Republic
Gallic Wars,Combatants: Roman Republic vs. Gallic tribesLocation: France,58 BC,50 BC,"1,000,000+",https://en.wikipedia.org/wiki/List_of_wars_by_death_toll,2023-01-20,
Iceni Revolt,Combatants: Roman Empire vs. Celtic tribesLocation: England,60,61,"150,000+[4]",https://en.wikipedia.org/wiki/List_of_wars_by_death_toll,2023-01-20,Year is uncertain - Part of the Roman Conquest of Britain
Jewish-Roman Wars,Combatants: Roman Empire vs. JewsLocation: Middle East/North Africa,66,136,"1,270,000-2,000,000[5]",https://en.wikipedia.org/wiki/List_of_wars_by_death_toll,2023-01-20,Deaths caused by Roman attempt to permanently root out Judaism included.
First Jewish-Roman War,Combatants: Roman Empire vs. JewsLocation: Middle East,66,73,"250,000-1,100,000[5]",https://en.wikipedia.org/wiki/List_of_wars_by_death_toll,2023-01-20,- Part of Jewish-Roman Wars
Kitos War,Combatants: Roman Empire vs. JewsLocation: Southern Europe / North Africa,115,117,"440,000+",https://en.wikipedia.org/wiki/List_of_wars_by_death_toll,2023-01-20,- Also known as the Second Jewish-Roman War - Part of Jewish-Roman Wars
Bar Kokhba Revolt,Combatants: Roman Empire vs. JewsLocation: Middle East,132,136,"580,000",https://en.wikipedia.org/wiki/List_of_wars_by_death_toll,2023-01-20,- Also known as the Third Jewish-Roman War - Part of Jewish-Roman Wars
Three Kingdoms War,Combatants: Wei vs. Shu vs. WuLocation: China,184,280,"36,000,000-40,000,000",https://en.wikipedia.org/wiki/List_of_wars_by_death_toll,2023-01-20,"[6][7] - Academically, the period of the Three Kingdoms refers to the period between the foundation of the state of Wei in 220 and the conquest of the state of Wu by the Jin dynasty in 280. The earlier, ""unofficial"" part of the period, from 184 to 220, was marked by chaotic infighting between warlords in various parts of China. See: End of the Han Dynasty - Also, note that the death range provided is actually the amount the population declined according to the census data and is likely an overestimation of actual combat fatalities."
Yellow Turban Rebellion,Combatants: Peasants vs. Eastern Han ChinaLocation: China,184,205,"3,000,000-7,000,000",https://en.wikipedia.org/wiki/List_of_wars_by_death_toll,2023-01-20,- Part of Three Kingdoms War
Wars of the Sixteen Kingdoms,Combatants: Northern Chinese StatesLocation: Northern China,304,439,"150,000+[citation needed]",https://en.wikipedia.org/wiki/List_of_wars_by_death_toll,2023-01-20,"Number given is the sum of all deaths in battle recorded in this time period in battles between armies of the Sixteen Kingdoms, does not take into account civilian deaths, the actual number may be much greater."
Hunnic Reclaims,Combatants: Roman Empire vs. Hunnic EmpireLocation: Europe,395,453,"165,000+[citation needed]",https://en.wikipedia.org/wiki/List_of_wars_by_death_toll,2023-01-20,Number given is the sum of all deaths in battle recorded by Roman writers during this time period; does not take into account civilian deaths; the actual number may be much greater.
Arab-Byzantine Wars,Combatants: Byzantine Empire and allies vs. Islamic Empire and alliesLocation: Middle East / North Africa / Southern Europe,629,1050,"2,000,000+[citation needed]",https://en.wikipedia.org/wiki/List_of_wars_by_death_toll,2023-01-20,"Number given is the sum of all deaths in battle recorded by writers during this time period, does not take into account civilian deaths, the actual number may be much greater."
Reconquista,Combatants: Spanish and Portuguese states vs. Muslim statesLocation: Iberian Peninsula,711,1492,"7,000,000",https://en.wikipedia.org/wiki/List_of_wars_by_death_toll,2023-01-20,[8]
Goguryeo-Sui War,"Combatants: Sui Dynasty China and Goguryeo KingdomLocation: China, Korea",598,614,"300,000+",https://en.wikipedia.org/wiki/List_of_wars_by_death_toll,2023-01-20,[9]
An Lushan Rebellion,Combatants: Tang Dynasty China and Islamic Empire vs. Yan stateLocation: China,755,763,"13,000,000-36,000,000",https://en.wikipedia.org/wiki/List_of_wars_by_death_toll,2023-01-20,[10] - Also known as the An-Shi Rebellion
Goryeo-Khitan Wars,Combatants: Liao Empire vs. Goryeo KingdomLocation: Korea,993,1019,"90,000+",https://en.wikipedia.org/wiki/List_of_wars_by_death_toll,2023-01-20,[11]
Song-Đại Việt war,"Combatants: Song Empire vs. Dai Viet Kingdom under Lý dynastyLocation: China, Vietnam",1075,1077,"600,000+",https://en.wikipedia.org/wiki/List_of_wars_by_death_toll,2023-01-20,[12][13]
Crusades,"Combatants: Originally Byzantine Empire vs. Seljuq Empire, but evolved into Christians vs. Muslims.Location: Europe / Middle East (""Holy Land"")",1095,1291,"1,000,000-3,000,000",https://en.wikipedia.org/wiki/List_of_wars_by_death_toll,2023-01-20,[14]
Albigensian Crusade,Combatants: Papal States and France vs. Cathar StatesLocation: France,1208,1229,"200,000-1,000,000",https://en.wikipedia.org/wiki/List_of_wars_by_death_toll,2023-01-20,[15][16] - Also known as the Cathar Crusade - Part of the Crusades
Mongol invasions and conquests,Combatants: Mongol Empire vs. Several Eurasian statesLocation: Eurasia,1206,1368,"30,000,000-40,000,000",https://en.wikipedia.org/wiki/List_of_wars_by_death_toll,2023-01-20,"[17][18][19] - Excludes the (up to) 200,000,000 deaths from the Black Death migration that may have been associated with the Mongol expansion"
Wars of Scottish Independence,Combatants: Scotland vs. EnglandLocation: Scotland / England,1296,1357,"60,000-150,000",https://en.wikipedia.org/wiki/List_of_wars_by_death_toll,2023-01-20,
Hundred Years' War,Combatants: House of Valois vs. House of PlantagenetLocation: Western Europe,1337,1453,"2,300,000-3,300,000",https://en.wikipedia.org/wiki/List_of_wars_by_death_toll,2023-01-20,[20]
Conquests of Timur,Combatants: Timurid Empire vs. several middle eastern statesLocation: Eurasia,1370,1405,"8,000,000-20,000,000",https://en.wikipedia.org/wiki/List_of_wars_by_death_toll,2023-01-20,[21][22]
Wars of the Roses,"Combatants: House of Lancaster, House of Tudor, and allies vs. House of York and alliesLocation: England / Wales",1455,1487,"35,000-105,000",https://en.wikipedia.org/wiki/List_of_wars_by_death_toll,2023-01-20,[23][better source needed]
Mediterranean War,"Combatants: Republic of Venice, Spain, Republic of Genoa, Papal States, Duchy of Savoy, and Order of Saint John vs. Ottoman EmpireLocation: Mediterranean",1470,1574,"900,000-1,000,000",https://en.wikipedia.org/wiki/List_of_wars_by_death_toll,2023-01-20,[24]
Italian Wars,"Combatants: Holy Roman Empire, Spain, and some Italian states vs. France, Ottoman Empire, and some Italian statesLocation: Southern Europe (primarily)",1494,1559,"300,000-400,000",https://en.wikipedia.org/wiki/List_of_wars_by_death_toll,2023-01-20,[24] - Also known as the Great Wars of Italy
Spanish conquest of the Aztec Empire,Combatants: Spanish Empire vs. Aztec EmpireLocation: Mexico,1519,1632,"24,300,000+",https://en.wikipedia.org/wiki/List_of_wars_by_death_toll,2023-01-20,"[24] - Part of the European colonization of the Americas, includes the cocoliztli plagues"
Spanish conquest of Yucatán,Combatants: Spanish Empire vs. Mayan statesLocation: North America,1519,1595,"1,460,000+",https://en.wikipedia.org/wiki/List_of_wars_by_death_toll,2023-01-20,"[24] - Part of the European colonisation of the Americas, includes deaths due to European disease"
Spanish conquest of Nicaragua,Combatants: Spanish Empire vs. Indigenous peoples of NicaraguaLocation: Nicaragua,1522,1536,"575,000+",https://en.wikipedia.org/wiki/List_of_wars_by_death_toll,2023-01-20,"[24] - Part of the European colonization of the Americas, includes deaths due to European diseases"
Spanish conquest of the Inca Empire,Combatants: Spanish Empire vs. Inca EmpireLocation: Peru,1533,1572,"8,400,000+",https://en.wikipedia.org/wiki/List_of_wars_by_death_toll,2023-01-20,"[24] - Part of the European colonization of the Americas, includes deaths due to European diseases"
Campaigns of Suleiman the Magnificent,"Combatants: Ottoman Empire vs. several Balkan, African, and Arabian statesLocation: Eastern Europe / Middle East / North Africa",1521,1566,"200,000+",https://en.wikipedia.org/wiki/List_of_wars_by_death_toll,2023-01-20,[25]
German Peasants' War,Combatants: German Peasants vs. Swabian LeagueLocation: Germany,1524,1525,"100,000+",https://en.wikipedia.org/wiki/List_of_wars_by_death_toll,2023-01-20,[26] - Also known as the Great Peasants War
Arauco War,Combatants: Spanish Empire vs. MapuchesLocation: Chile,1550,1790,"125,000-142,000",https://en.wikipedia.org/wiki/List_of_wars_by_death_toll,2023-01-20,"[24] - Part of the European colonization of the Americas, includes deaths due to European diseases"
French Wars of Religion,Combatants: Protestants vs. France vs. CatholicsLocation: France,1562,1598,"2,000,000-4,000,000",https://en.wikipedia.org/wiki/List_of_wars_by_death_toll,2023-01-20,[27] - Also known as the Huguenot Wars
Eighty Years' War,"Combatants: Dutch Republic, England, and France vs. Spanish EmpireLocation: Northern Europe (primarily)",1568,1648,"600,000-700,000",https://en.wikipedia.org/wiki/List_of_wars_by_death_toll,2023-01-20,[24] - Also known as the Dutch War of Independence
Anglo-Spanish War (1585-1604),Combatants: Spanish Empire and allies vs. Kingdom of England and alliesLocation: Europe / Americas,1585,1604,"138,285+",https://en.wikipedia.org/wiki/List_of_wars_by_death_toll,2023-01-20,"English88,285[28]Scots/Irish50,000"
Japanese invasions of Korea,Combatants: Kingdom of Great Joseon and Ming China vs. JapanLocation: Korea,1592,1598,"1,000,000+",https://en.wikipedia.org/wiki/List_of_wars_by_death_toll,2023-01-20,[29][24]
Nine Years' War (Ireland),Combatants: Irish rebels vs Kingdom of EnglandLocation: Ireland,1593,1603,"130,000+",https://en.wikipedia.org/wiki/List_of_wars_by_death_toll,2023-01-20,[24]
Transition from Ming to Qing,Combatants: Qing China vs. Ming China vs. Shun dynasty China (Li Zicheng) vs. Xi dynasty China (Zhang Xianzhong vs. Kingdom of Shu (She-An Rebellion) vs. Evenk-Daur federation (Bombogor)Location: China,1616,1683,"25,000,000+",https://en.wikipedia.org/wiki/List_of_wars_by_death_toll,2023-01-20,[30] - Also known as the Ming-Qing transition
Thirty Years' War,Combatants: Pro-Habsburg states vs. Anti-Habsburg statesLocation: Europe,1618,1648,"4,000,000-12,000,000",https://en.wikipedia.org/wiki/List_of_wars_by_death_toll,2023-01-20,[31]
Franco-Spanish War (1635-1659),Combatants: France and allies vs. Spain and alliesLocation: Western Europe,1635,1659,"200,000+",https://en.wikipedia.org/wiki/List_of_wars_by_death_toll,2023-01-20,[25][32]
Wars of the Three Kingdoms,Combatants: Royalists vs. Covenanters vs.Union of the Irish vs. Scottish Protestants vs. ParliamentariansLocation: British Isles,1639,1651,"876,000+",https://en.wikipedia.org/wiki/List_of_wars_by_death_toll,2023-01-20,[33][34][35] - Also known as the British Civil Wars
Portuguese Restoration War,"Combatants: Portugal, France, and England vs. SpainLocation: Iberian Peninsula",1640,1668,"80,000",https://en.wikipedia.org/wiki/List_of_wars_by_death_toll,2023-01-20,
Russo-Ukrainian War (outline),Combatants: Russia vs. UkraineLocation: Ukraine,2014,present,"200,000+",https://en.wikipedia.org/wiki/List_of_wars_by_death_toll,2023-01-20,Estimates of deaths vary widely.[36][37]
English Civil War,"Combatants: Royalists vs. ParliamentariansLocation: England, Scotland, and Ireland",1642,1651,"211,830+",https://en.wikipedia.org/wiki/List_of_wars_by_death_toll,2023-01-20,Part of the Wars of the Three Kingdoms
Fifth Ottoman-Venetian War,"Combatants: Republic of Venice vs. Ottoman EmpireLocation: Candia, Crete, Dalmatia and Aegean Sea",1645,1669,"72,000",https://en.wikipedia.org/wiki/List_of_wars_by_death_toll,2023-01-20,
Deluge,Combatants: Primarily Poland vs. Sweden and RussiaLocation: Poland,1655,1660 or 1648,"3,000,000",https://en.wikipedia.org/wiki/List_of_wars_by_death_toll,2023-01-20,[38]
Mughal-Maratha Wars,Combatants: Maratha empire vs. Mughal EmpireLocation: India-Bangladesh,1658,1707,"5,000,000+",https://en.wikipedia.org/wiki/List_of_wars_by_death_toll,2023-01-20,[39][40]
Franco-Dutch War,Combatants: France and allies vs. Dutch Republic and alliesLocation: Western Europe,1672,1678,"342,000",https://en.wikipedia.org/wiki/List_of_wars_by_death_toll,2023-01-20,Also known as the Dutch War
Great Turkish War,Combatants: Ottoman Empire vs. European Holy LeagueLocation: Eastern Europe,1683,1699,"380,000+",https://en.wikipedia.org/wiki/List_of_wars_by_death_toll,2023-01-20,[25] - Also known as the War of the Holy League
Nine Years' War,"Combatants: France vs. League of Augsburg (Dutch, Habsburgs, England, Scotland, Spain and others)Location: Global (mainly Europe)",1688,1697,"680,000+",https://en.wikipedia.org/wiki/List_of_wars_by_death_toll,2023-01-20,[41]
Great Northern War,Combatants: Russia and allies vs. Swedish EmpireLocation: Eastern Europe,1700,1721,"350,000+",https://en.wikipedia.org/wiki/List_of_wars_by_death_toll,2023-01-20,"Sweden, the Swedish Baltic provinces, and Finland, together, with a population of only 2.5 million, lost some 350,000 dead during the war from all causes.[42]"
War of the Spanish Succession,Combatants: Grand Alliance vs. Bourbon AllianceLocation: Europe / Americas,1701,1714,"400,000-1,250,000",https://en.wikipedia.org/wiki/List_of_wars_by_death_toll,2023-01-20,[25]
Maratha expeditions in Bengal,"Combatants: Maratha Empire vs. Nawab of BengalLocation: India, Bangladesh",1741,1751,"400,000+",https://en.wikipedia.org/wiki/List_of_wars_by_death_toll,2023-01-20,[43][44]
Seven Years' War,Combatants: Great Britain and allies vs. France and AlliesLocation: Worldwide,1756,1763,"868,000-1,400,000",https://en.wikipedia.org/wiki/List_of_wars_by_death_toll,2023-01-20,
Sino-Burmese War,Combatants: Burma vs. Qing ChinaLocation: Southeast Asia,1765,1769,"70,000+",https://en.wikipedia.org/wiki/List_of_wars_by_death_toll,2023-01-20,- Also known as the Qing invasions of Burma
Tây Sơn rebellion,"Combatants: Tây Sơn rebels then dynasty (British supports) and Chinese pirates vs Nguyễn lords, Trịnh lords, Lê dynasty of Vietnam; Siam; Qing dynasty of China; Kingdom of Vientiane; French army.Location: Southeast Asia",1771,1802,"1,200,000-2,000,000+",https://en.wikipedia.org/wiki/List_of_wars_by_death_toll,2023-01-20,
American Revolutionary War,Combatants: United States and allies vs. British Empire and German MercenariesLocation: Worldwide,1775,1783,"70,000-116,000",https://en.wikipedia.org/wiki/List_of_wars_by_death_toll,2023-01-20,"37,324 battle dead, all sides, all theaters.[25][45][46][47][48] - Also known as the American War of Independence"
White Lotus Rebellion,Combatants: Qing China vs. White Lotus rebelsLocation: China,1794,1804,"100,000+",https://en.wikipedia.org/wiki/List_of_wars_by_death_toll,2023-01-20,
French campaign in Egypt and Syria,Combatants: France vs. Ottoman Empire and Great BritainLocation: Middle East / North Africa,1798,1801,"65,000+",https://en.wikipedia.org/wiki/List_of_wars_by_death_toll,2023-01-20,[25]
Saint-Domingue expedition,Combatants: France vs. Haiti and UKLocation: Haiti,1802,1803,"135,000+",https://en.wikipedia.org/wiki/List_of_wars_by_death_toll,2023-01-20,[32] - Part of the Haitian Revolution
Napoleonic Wars,Combatants: Coalition powers vs. French empire and alliesLocation: Worldwide,1803,1815,"3,500,000-7,000,000",https://en.wikipedia.org/wiki/List_of_wars_by_death_toll,2023-01-20,See: Napoleonic Wars casualties
Peninsular War,"Combatants: Spain, Portugal and United Kingdom vs. France, Kingdom of Italy and Duchy of WarsawLocation: Iberian Peninsula",1808,1814,"1,000,000+",https://en.wikipedia.org/wiki/List_of_wars_by_death_toll,2023-01-20,[32] - Part of the Napoleonic Wars
Spanish American wars of independence,Combatants: Spain vs. American IndependentistsLocation: Americas,1808,1833,"600,000+",https://en.wikipedia.org/wiki/List_of_wars_by_death_toll,2023-01-20,[49]
Venezuelan War of Independence,Combatants: Spain vs. Venezuelan statesLocation: Venezuela,1810,1823,"228,000+",https://en.wikipedia.org/wiki/List_of_wars_by_death_toll,2023-01-20,- Part of Spanish American Wars of Independence
Mfecane,Combatants: Ethnic communities in southern AfricaLocation: Modern day South Africa,1810s,1840s,"1,000,000-2,000,000",https://en.wikipedia.org/wiki/List_of_wars_by_death_toll,2023-01-20,[50][51][52][53]
French invasion of Russia,Combatants: French Empire vs. RussiaLocation: Russia,1812,,"540,000+",https://en.wikipedia.org/wiki/List_of_wars_by_death_toll,2023-01-20,[25] - Part of the Napoleonic Wars
Carlist Wars,Combatants: Carlist Insurgents vs. SpainLocation: Spain,1820,1876,"200,000+",https://en.wikipedia.org/wiki/List_of_wars_by_death_toll,2023-01-20,[49]
Greek War of Independence,Combatants: Greek Revolutionaries vs. Ottoman EmpireLocation: Greece,1821,1831,"170,000+",https://en.wikipedia.org/wiki/List_of_wars_by_death_toll,2023-01-20,
French conquest of Algeria,Combatants: France vs. Algerian resistanceLocation: Algeria,1830,1903,"595,665-1,095,665",https://en.wikipedia.org/wiki/List_of_wars_by_death_toll,2023-01-20,"Between 500,000 and 1,000,000, from approximately 3 million Algerians, were killed in the first three decades of the conquest.[54][55] French losses from 1830 to 1851 were 92,329 dead from disease and only 3,336 killed in action.[32][56][57]"
Taiping Rebellion,Combatants: Qing China vs. Taiping Heavenly KingdomLocation: China,1850,1864,"20,000,000-70,000,000",https://en.wikipedia.org/wiki/List_of_wars_by_death_toll,2023-01-20,[58][59][60] - Also known as the Taiping Civil War
Crimean War,Combatants: Ottoman Empire and allies vs. RussiaLocation: Crimean Peninsula,1853,1856,"356,000-615,000",https://en.wikipedia.org/wiki/List_of_wars_by_death_toll,2023-01-20,
Red Turban Rebellion (1854-1856),Combatants: Qing China vs. Red Turban rebelsLocation: China,1854,1856,"1,000,000+",https://en.wikipedia.org/wiki/List_of_wars_by_death_toll,2023-01-20,
Miao Rebellion,Combatants: Qing China vs. MiaoLocation: China,1854,1873,"4,900,000[citation needed]",https://en.wikipedia.org/wiki/List_of_wars_by_death_toll,2023-01-20,Also known as the Qian rebellion
Punti-Hakka Clan Wars,Combatants: Hakka vs. PuntiLocation: China,1855,1868,"500,000-1,000,000+",https://en.wikipedia.org/wiki/List_of_wars_by_death_toll,2023-01-20,
Panthay Rebellion,Combatants: Qing China vs. HuiLocation: China,1856,1873,"890,000-1,000,000",https://en.wikipedia.org/wiki/List_of_wars_by_death_toll,2023-01-20,- Also known as the Du Wenxiu Rebellion
Indian Rebellion of 1857,Combatants: Sepoy Mutineers vs. British East India CompanyLocation: India,1857,1858,"800,000-1,000,000",https://en.wikipedia.org/wiki/List_of_wars_by_death_toll,2023-01-20,[61] - Also known as the Sepoy Mutiny or the Indian First War of Independence
American Civil War,Combatants: Union States vs. Confederate StatesLocation: USA,1861,1865,"650,000-1,000,000",https://en.wikipedia.org/wiki/List_of_wars_by_death_toll,2023-01-20,[62][63][64]
Dungan Revolt,Combatants: Qing China vs. Hui vs. KashgariaLocation: China,1862,1877,"8,000,000-20,000,000",https://en.wikipedia.org/wiki/List_of_wars_by_death_toll,2023-01-20,- Also known as the Tongzhi Hui Revolt
French intervention in Mexico,Combatants: Mexican Republicans vs. France and Mexican EmpireLocation: Mexico,1862,1867,"49,287+",https://en.wikipedia.org/wiki/List_of_wars_by_death_toll,2023-01-20,[32]
Paraguayan War,Combatants: Triple alliance vs. ParaguayLocation: South America,1864,1870,"300,000-1,200,000",https://en.wikipedia.org/wiki/List_of_wars_by_death_toll,2023-01-20,[65] - Also known as the War of the Triple Alliance
Austro-Prussian War,Combatants: Austrian states vs. German statesLocation: Central Europe,1866,,"40,000+",https://en.wikipedia.org/wiki/List_of_wars_by_death_toll,2023-01-20,
Ten Years' War,Combatants: Spain vs. Cuba and Dominican volunteers[66]Location: Cuba,1868,1878,"241,000+",https://en.wikipedia.org/wiki/List_of_wars_by_death_toll,2023-01-20,[32] - Also known as the Great War
Franco-Prussian War,Combatants: France vs. German statesLocation: France and Prussia,1870,1871,"433,571+",https://en.wikipedia.org/wiki/List_of_wars_by_death_toll,2023-01-20,
Conquest of the Desert,Combatants: Argentina vs. Mapuche peopleLocation: Patagonia,1870s,1884,"30,000-35,000",https://en.wikipedia.org/wiki/List_of_wars_by_death_toll,2023-01-20,
Aceh War,Combatants: Kingdom of the Netherlands vs. Aceh SultanateLocation: Indonesia,1873,1914,"97,000-107,000",https://en.wikipedia.org/wiki/List_of_wars_by_death_toll,2023-01-20,[67] - Also known as the Infidel War
First Sino-Japanese War,Combatants: Qing China vs. JapanLocation: East Asia,1894,1895,"48,311+",https://en.wikipedia.org/wiki/List_of_wars_by_death_toll,2023-01-20,
Cuban War of Independence,Combatants: USA and Cuba vs. SpainLocation: Cuba,1895,1898,"362,000+",https://en.wikipedia.org/wiki/List_of_wars_by_death_toll,2023-01-20,[32]
War of Canudos,Combatants: First Brazilian Republic vs. Canudos inhabitantsLocation: Brazil,1896,1897,"30,000+",https://en.wikipedia.org/wiki/List_of_wars_by_death_toll,2023-01-20,
Thousand Days' War,Combatants: Colombian Conservatives vs. Colombian LiberalsLocation: Colombia,1899,1902,"120,000+",https://en.wikipedia.org/wiki/List_of_wars_by_death_toll,2023-01-20,[68]
Boxer Rebellion,Combatants: Boxers vs. Foreign powersLocation: China,1899,1901,"100,000",https://en.wikipedia.org/wiki/List_of_wars_by_death_toll,2023-01-20,
South African War (Second Boer War),Combatants: United Kingdom and allies vs. South African Republic and Orange Free StateLocation: South Africa,1899,1902,"73,000-90,000",https://en.wikipedia.org/wiki/List_of_wars_by_death_toll,2023-01-20,[69]
Philippine-American War,Combatants: Philippines vs. USALocation: Philippines,1899,1912,"234,000+",https://en.wikipedia.org/wiki/List_of_wars_by_death_toll,2023-01-20,[70] - Also known as the Philippine War
Russo-Japanese War,Combatants: Russia vs. JapanLocation: Northeast Asia,1904,1905,"101,300-206,100",https://en.wikipedia.org/wiki/List_of_wars_by_death_toll,2023-01-20,
Mexican Revolution,"Combatants: In reality, a full blown Civil War with multiple sidesLocation: Mexico",1910,1920,"500,000-2,000,000",https://en.wikipedia.org/wiki/List_of_wars_by_death_toll,2023-01-20,[71]
1911 Revolution,Combatants: Qing China vs. RevolutionariesLocation: China,1911,,"220,000",https://en.wikipedia.org/wiki/List_of_wars_by_death_toll,2023-01-20,
Balkan Wars,Combatants: See Balkan warsLocation: Balkan Peninsula,1912,1913,"140,000+",https://en.wikipedia.org/wiki/List_of_wars_by_death_toll,2023-01-20,
World War I,Combatants: Allied Powers vs. Central PowersLocation: Worldwide,1914,1918,"16,000,000-40,000,000+ (the higher estimate also includes the first victims of the related Spanish flu epidemic who died by the end of 1918. Neither includes the subsequent Russian Civil War)",https://en.wikipedia.org/wiki/List_of_wars_by_death_toll,2023-01-20,[25] - Also known as the Great War
Russian Civil War,Combatants: Red army and allies vs. White army and alliesLocation: Russia,1917,1922,"5,000,000-9,000,000",https://en.wikipedia.org/wiki/List_of_wars_by_death_toll,2023-01-20,[72]
Kurdish separatism in Iran,Combatants: Qajar dynasty vs. Shekak (tribe)Location: Iran,1918,present,"15,000-58,000",https://en.wikipedia.org/wiki/List_of_wars_by_death_toll,2023-01-20,[73]
Iraqi-Kurdish conflict,Combatants: Kurdistan/Iraqi Kurdistan and allies vs. Iraq and alliesLocation: Iraq,1918,2003,"138,800-320,100",https://en.wikipedia.org/wiki/List_of_wars_by_death_toll,2023-01-20,[74][75]
Rif War,Combatants: Spain vs. Republic of the RifLocation: Morocco,1921,1926,"90,000",https://en.wikipedia.org/wiki/List_of_wars_by_death_toll,2023-01-20,[76]
Kurdish-Turkish conflict,Combatants: Turkey vs. Kurdish peopleLocation: Middle East,1921,present,"100,000+",https://en.wikipedia.org/wiki/List_of_wars_by_death_toll,2023-01-20,
Second Italo-Senussi War,Combatants: Italy vs. Senussi OrderLocation: Libya,1923,1932,"40,000+",https://en.wikipedia.org/wiki/List_of_wars_by_death_toll,2023-01-20,
Chinese Civil War,Combatants: ROC vs. PRCLocation: China,1927,1949,"8,000,000-11,692,000",https://en.wikipedia.org/wiki/List_of_wars_by_death_toll,2023-01-20,[77]
Chaco War,Combatants: Bolivia vs. ParaguayLocation: Gran Chaco,1932,1935,"85,000-130,000",https://en.wikipedia.org/wiki/List_of_wars_by_death_toll,2023-01-20,
Second Italo-Ethiopian War,Combatants: Ethiopian Empire vs. ItalyLocation: Ethiopia,1935,1936,"278,000+",https://en.wikipedia.org/wiki/List_of_wars_by_death_toll,2023-01-20,"According to Italian government statistics, the Italians suffered 1,148 KIA, 125 DOW, and 31 MIA.[78] According to the Ethiopian government, at least 275,000 Ethiopians died in the brief war.[78][79] - Also known as the Second Italo-Abyssinian War"
Spanish Civil War,Combatants: Nationalists vs. RepublicansLocation: Spain,1936,1939,"500,000-1,000,000",https://en.wikipedia.org/wiki/List_of_wars_by_death_toll,2023-01-20,[32]
Second Sino-Japanese War,Combatants: Republic of China and allies vs. JapanLocation: China,1937,1945,"20,000,000-25,000,000",https://en.wikipedia.org/wiki/List_of_wars_by_death_toll,2023-01-20,[80] - Part of World War II
World War II,Combatants: Allied powers vs. Axis PowersLocation: Worldwide,1939,1945,"85,000,000",https://en.wikipedia.org/wiki/List_of_wars_by_death_toll,2023-01-20,[25] - Largest and deadliest war in history
Winter War,Combatants: Finland vs. Soviet UnionLocation: Finland,1939,1940,"153,736-194,837",https://en.wikipedia.org/wiki/List_of_wars_by_death_toll,2023-01-20,- Part of World War II
Greco-Italian War,Combatants: Greece vs. ItalyLocation: Southeast Europe,1940,1941,"27,000+",https://en.wikipedia.org/wiki/List_of_wars_by_death_toll,2023-01-20,- Part of World War II
Continuation War,Combatants: Finland and Germany vs. Soviet UnionLocation: Northern Europe,1941,1944,"387,300+",https://en.wikipedia.org/wiki/List_of_wars_by_death_toll,2023-01-20,- Part of World War II
Soviet-Japanese War,Combatants: Soviet Union and Mongolia vs. JapanLocation: Manchuria,1945,,"33,420-95,768",https://en.wikipedia.org/wiki/List_of_wars_by_death_toll,2023-01-20,- Part of World War II
First Indochina War,"Combatants: France vs. Việt Minh, Lao Assara, and Khmer IssarakLocation: Southeast Asia",1946,1954,"400,000+",https://en.wikipedia.org/wiki/List_of_wars_by_death_toll,2023-01-20,- Also known as the Indochina War
Partition of India,Combatants: India and PakistanLocation: South Asia,1946,1948,"200,000-2,000,000",https://en.wikipedia.org/wiki/List_of_wars_by_death_toll,2023-01-20,Partition of India
Greek Civil War,Combatants: Greek Government army vs. DSELocation: Greece,1946,1949,"158,000+",https://en.wikipedia.org/wiki/List_of_wars_by_death_toll,2023-01-20,[81][82][83][84]
Malagasy Uprising,Combatants: France vs. Malagasy InsurgentsLocation: Madagascar,1947,1948,"11,342-89,000",https://en.wikipedia.org/wiki/List_of_wars_by_death_toll,2023-01-20,[85][86]
Kashmir conflict,Combatants: India vs. PakistanLocation: North India / Pakistan,1947,present,"80,000-110,000",https://en.wikipedia.org/wiki/List_of_wars_by_death_toll,2023-01-20,
La Violencia,Combatants: Colombian Conservative Party vs. Colombian Liberal PartyLocation: Colombia,1948,1958,"192,700-194,700",https://en.wikipedia.org/wiki/List_of_wars_by_death_toll,2023-01-20,
Internal conflict in Myanmar,Combatants: Myanmar vs. Burmese Insurgent GroupsLocation: Myanmar,1948,present,"130,000-250,000",https://en.wikipedia.org/wiki/List_of_wars_by_death_toll,2023-01-20,[87]
Arab-Israeli conflict,Combatants: Arab Countries vs. IsraelLocation: Middle East,1948,present,"116,074+",https://en.wikipedia.org/wiki/List_of_wars_by_death_toll,2023-01-20,[88]
Annexation of Hyderabad,Combatants: Dominion of India vs. HyderabadLocation: India,1948,,"29,000-242,000",https://en.wikipedia.org/wiki/List_of_wars_by_death_toll,2023-01-20,- Also known as Operation Polo
Korean War,Combatants: South Korea and allies vs. North Korea and alliesLocation: Korea,1950,1953,"1,500,000-4,500,000",https://en.wikipedia.org/wiki/List_of_wars_by_death_toll,2023-01-20,"[89] American casualties in the Korean War included 54,246 dead and 103,284 wounded."
Algerian War,Combatants: Algeria vs. FranceLocation: Algeria,1954,1962,"400,000-1,500,000",https://en.wikipedia.org/wiki/List_of_wars_by_death_toll,2023-01-20,[90] - Also known as the Algerian War of Independence
Ethnic conflict in Nagaland,Combatants: India and Myanmar vs. Naga PeopleLocation: Northeast India,1954,present,"34,000+",https://en.wikipedia.org/wiki/List_of_wars_by_death_toll,2023-01-20,[91]
Vietnam War,Combatants: South Vietnam and allies vs. North Vietnam and alliesLocation: Vietnam,1955,1975,"1,300,000-4,300,000",https://en.wikipedia.org/wiki/List_of_wars_by_death_toll,2023-01-20,"[92][93][94] American casualties in the Vietnam War included 58,226 dead and 304,000 wounded. - Also known as the Second Indochina War - Includes deaths in Cambodia and Laos"
First Sudanese Civil War,Combatants: Sudan vs. South Sudanese RebelsLocation: Sudan,1955,1972,"500,000+",https://en.wikipedia.org/wiki/List_of_wars_by_death_toll,2023-01-20,
Congo Crisis,"Combatants: DRC, USA, and Belgium vs. Simba and Kwilu RebelsLocation: Congo",1960,1965,"100,000+",https://en.wikipedia.org/wiki/List_of_wars_by_death_toll,2023-01-20,[95]
Angolan War of Independence,Combatants: Angola vs. Portugal and South AfricaLocation: Angola,1961,1974,"83,000-103,000",https://en.wikipedia.org/wiki/List_of_wars_by_death_toll,2023-01-20,
North Yemen Civil War,Combatants: Kingdom of Yemen and Saudi Arabia vs. Yemen Arab Republic and United Arab RepublicLocation: Yemen,1962,1970,"100,000-200,000",https://en.wikipedia.org/wiki/List_of_wars_by_death_toll,2023-01-20,[96]
Mozambican War of Independence,Combatants: FRELIMO vs. PortugalLocation: Mozambique,1964,1974,"63,500-88,500",https://en.wikipedia.org/wiki/List_of_wars_by_death_toll,2023-01-20,[97]
Insurgency in Northeast India,Combatants: India and allies vs. Insurgent GroupsLocation: Northeast India,1964,present,"25,000+",https://en.wikipedia.org/wiki/List_of_wars_by_death_toll,2023-01-20,[87]
Colombian conflict,Combatants: Colombia and allies vs. Far Left guerillas and Far Right paramilitaresLocation: Colombia,1964,present,"220,000+",https://en.wikipedia.org/wiki/List_of_wars_by_death_toll,2023-01-20,[98]
Nigerian Civil War,Combatants: Nigeria vs. BiafraLocation: Nigeria,1967,1970,"1,000,000-3,000,000",https://en.wikipedia.org/wiki/List_of_wars_by_death_toll,2023-01-20,- Also known as the Biafran War
Moro conflict,Combatants: Philippines vs. Jihadist Groups vs. BangsamoroLocation: Philippines,1969,2019,"120,000+",https://en.wikipedia.org/wiki/List_of_wars_by_death_toll,2023-01-20,[99]
Communist rebellion in the Philippines,Combatants: Philippines vs. Communist Party of the PhilippinesLocation: Philippines,1969,present,"30,000-43,000",https://en.wikipedia.org/wiki/List_of_wars_by_death_toll,2023-01-20,[100]
Bangladesh Liberation War,Combatants: India and Bangladesh vs. PakistanLocation: Bangladesh,1971,,"300,000-3,000,000+",https://en.wikipedia.org/wiki/List_of_wars_by_death_toll,2023-01-20,[101] - Also known as the Bangladesh War of Independence
Ethiopian Civil War,"Combatants: Derg, PEDR, and Cuba vs. Anti-Communist rebel groupsLocation: Ethiopia",1974,1991,"500,000-1,500,000",https://en.wikipedia.org/wiki/List_of_wars_by_death_toll,2023-01-20,
Angolan Civil War,Combatants: MPLA and Cuba vs. UNITA and South AfricaLocation: Angola,1975,2002,"504,158+",https://en.wikipedia.org/wiki/List_of_wars_by_death_toll,2023-01-20,
Lebanese Civil War,Combatants: Various groupsLocation: Lebanon,1975,1990,"120,000-150,000",https://en.wikipedia.org/wiki/List_of_wars_by_death_toll,2023-01-20,
Insurgency in Laos,"Combatants: Laos and Vietnam vs. ""Secret army"" and Hmong peopleLocation: Laos",1975,2007,"100,000+",https://en.wikipedia.org/wiki/List_of_wars_by_death_toll,2023-01-20,[102]
Ogaden War,Combatants: Ethiopia and Cuba vs. SomaliaLocation: Ethiopia,1977,1978,"60,000",https://en.wikipedia.org/wiki/List_of_wars_by_death_toll,2023-01-20,[103]
Afghanistan conflict,Combatants: see Afghanistan conflictLocation: Afghanistan,1978,present,"1,400,000-2,500,000",https://en.wikipedia.org/wiki/List_of_wars_by_death_toll,2023-01-20,[104]
Kurdish-Turkish conflict,Combatants: Turkey vs. KCKLocation: Middle East,1978,present,"45,000+",https://en.wikipedia.org/wiki/List_of_wars_by_death_toll,2023-01-20,[105] - Part of the Kurdish rebellions in Turkey
Soviet-Afghan War,Combatants: Soviet Union and Afghanistan vs. Insurgent groupsLocation: Afghanistan,1979,1989,"600,000-2,000,000",https://en.wikipedia.org/wiki/List_of_wars_by_death_toll,2023-01-20,[106][107][108] - Part of War in Afghanistan
Salvadoran Civil War,Combatants: El Salvador vs. FMLNLocation: El Salvador,1979,1992,"70,000-80,000",https://en.wikipedia.org/wiki/List_of_wars_by_death_toll,2023-01-20,[109][110]
Iran-Iraq War,Combatants: Iran and allies vs. Iraq and alliesLocation: Middle East,1980,1988,"500,000-1,500,000",https://en.wikipedia.org/wiki/List_of_wars_by_death_toll,2023-01-20,[111]
Internal conflict in Peru,Combatants: Peru vs. PCP-SL and MRTALocation: Peru,1980,present,"70,000+",https://en.wikipedia.org/wiki/List_of_wars_by_death_toll,2023-01-20,[112]
Ugandan Bush War,Combatants: ULNF and Tanzania vs. National Resistance ArmyLocation: Uganda,1981,1986,"100,000-500,000",https://en.wikipedia.org/wiki/List_of_wars_by_death_toll,2023-01-20,[113][114] - Also known as the Luwero War
Second Sudanese Civil War,Combatants: Sudan vs. South Sudanese rebelsLocation: Sudan,1983,2005,"1,000,000-2,000,000",https://en.wikipedia.org/wiki/List_of_wars_by_death_toll,2023-01-20,
Sri Lankan Civil War,Combatants: Sri Lanka vs. Tamil TigersLocation: Sri Lanka,1983,2009,"80,000-100,000",https://en.wikipedia.org/wiki/List_of_wars_by_death_toll,2023-01-20,[115]
Somali Civil War,Combatants: Varying Somali governments vs. insurgent groupsLocation: Somalia,1986,present,"300,000-500,000",https://en.wikipedia.org/wiki/List_of_wars_by_death_toll,2023-01-20,[116][117]
Lord's Resistance Army insurgency,Combatants: Lord's Resistance Army vs. Central African statesLocation: Central Africa,1987,present,"100,000-500,000",https://en.wikipedia.org/wiki/List_of_wars_by_death_toll,2023-01-20,[118]
Nagorno-Karabakh conflict,"Combatants: Armenia, Nagorno-Karabakh Separatist forces and allies vs. AzerbaijanLocation: Azerbaijan",1988,present,"50,000+",https://en.wikipedia.org/wiki/List_of_wars_by_death_toll,2023-01-20,- Also known as the Armenian Separatist invasion
Gulf War,Combatants: Iraq vs. Coalition ForcesLocation: Iraq,1990,1991,"25,500-40,500",https://en.wikipedia.org/wiki/List_of_wars_by_death_toll,2023-01-20,- Also known as the First Iraq War
Algerian Civil War,Combatants: Algeria vs. FIS loyalists vs. GIALocation: Algeria,1991,2002,"44,000-200,000",https://en.wikipedia.org/wiki/List_of_wars_by_death_toll,2023-01-20,[119]
Bosnian War,Combatants: Bosnia and Herzegovinian governments and allies vs. Republika Srpska and alliesLocation: Bosnia,1991,1995,"97,000-105,000",https://en.wikipedia.org/wiki/List_of_wars_by_death_toll,2023-01-20,
1991 Iraqi uprisings,Combatants: Iraq vs various rebelsLocation: Iraq,1991,,"85,000-235,000",https://en.wikipedia.org/wiki/List_of_wars_by_death_toll,2023-01-20,[120][121][122] - Also known as the Sha'aban Intifada
Sierra Leone Civil War,Combatants: see Sierra Leone Civil WarLocation: Sierra Leone,1991,2002,"50,000-300,000",https://en.wikipedia.org/wiki/List_of_wars_by_death_toll,2023-01-20,
Burundian Civil War,Combatants: Burundi vs. Hutu rebels vs. Tutsi rebelsLocation: Burundi,1993,2005,"300,000+",https://en.wikipedia.org/wiki/List_of_wars_by_death_toll,2023-01-20,[123]
First Congo War,Combatants: Zaire and allies vs. AFDL and alliesLocation: Congo,1996,1997,"250,000-800,000",https://en.wikipedia.org/wiki/List_of_wars_by_death_toll,2023-01-20,
Second Congo War,Combatants: See Second Congo WarLocation: Central Africa,1998,2003,"2,500,000-5,400,000",https://en.wikipedia.org/wiki/List_of_wars_by_death_toll,2023-01-20,[124][125][126][127] - Also known as the Great War of Africa
Ituri conflict,Combatants: Lendu Tribe vs. Hemu Tribe and alliesLocation: Congo,1999,2003,"60,000+",https://en.wikipedia.org/wiki/List_of_wars_by_death_toll,2023-01-20,[128] - Part of the Second Congo War
War on terror,Combatants: Anti-Terrorist Forces vs. Terrorist groupsLocation: Worldwide,2001,present,"272,000-1,260,000",https://en.wikipedia.org/wiki/List_of_wars_by_death_toll,2023-01-20,[129][130][131][132] - Also known as the Global War on Terrorism
War in Afghanistan (2001-2021),Combatants: See War in Afghanistan (2001-2021)Location: Afghanistan,2001,2021,"212,191+",https://en.wikipedia.org/wiki/List_of_wars_by_death_toll,2023-01-20,[130] - Part of the War on Terror and Afghanistan conflict
Iraq War,Combatants: See Iraq WarLocation: Iraq,2003,2011,"405,000-654,965",https://en.wikipedia.org/wiki/List_of_wars_by_death_toll,2023-01-20,[131][132][130] - Also known as the Second Gulf War - Part of the War on Terror See: Casualties of the Iraq War
War in Darfur,Combatants: SRF and allies vs. Sudan and allies vs. UNAMIDLocation: Sudan,2003,present,"300,000+",https://en.wikipedia.org/wiki/List_of_wars_by_death_toll,2023-01-20,[133]
Kivu Conflict,Combatants: see Kivu ConflictLocation: Congo,2004,present,"100,000+",https://en.wikipedia.org/wiki/List_of_wars_by_death_toll,2023-01-20,- Part of the Second Congo War
Insurgency in Khyber Pakhtunkhwa,"Combatants: Pakistan, USA, and UK vs. Terrorist groupsLocation: Pakistan",2004,2017,"45,900-79,000",https://en.wikipedia.org/wiki/List_of_wars_by_death_toll,2023-01-20,[130] - Also known as the War in Waziristan - Part of the War on Terror and War in Afghanistan (2001-present)
Mexican drug war,Combatants: Mexico vs. Drug cartelsLocation: Mexico,2006,present,"200,000-400,000+",https://en.wikipedia.org/wiki/List_of_wars_by_death_toll,2023-01-20,[134][135] - Also known as the Mexican War on Drugs
Boko Haram insurgency,Combatants: Multinational Joint Task Force vs. Boko HaramLocation: Nigeria,2009,present,"350,000+",https://en.wikipedia.org/wiki/List_of_wars_by_death_toll,2023-01-20,"2,400,000 internally displaced"
Syrian civil war,Combatants: Syrian Arab Republic vs. Republic of Syria vs. ISIL vs. Syrian Democratic ForcesLocation: Syria,2011,present,"499,000-610,000+",https://en.wikipedia.org/wiki/List_of_wars_by_death_toll,2023-01-20,See: Casualties of the Syrian civil war
Rojava-Islamist conflict,Combatants: Syrian Democratic Forces vs. Islamic States of Iraq and Levant vs. al-Nusra FrontLocation: Syria,2013,present,"50,000+",https://en.wikipedia.org/wiki/List_of_wars_by_death_toll,2023-01-20,"100,000[136] Syrian Kurds fleeing to Turkey"
War in Iraq (2013-2017),Combatants: Iraq and allies vs. ISILLocation: Iraq,2013,2017,"195,000-200,000+",https://en.wikipedia.org/wiki/List_of_wars_by_death_toll,2023-01-20,
Yemeni Civil War,"Combatants: Yemen's Supreme Political Council vs. Hadi Government, Saudi-led Coalition and the UAE-backed Southern Movement vs Al-QaedaLocation: Yemen",2014,present,"377,000+",https://en.wikipedia.org/wiki/List_of_wars_by_death_toll,2023-01-20,UNDP estimate for the end of 2021. 60% attributable to hunger and disease. Also part of the Arab Winter.
Tigray War,"Combatants: UFEFCF vs. Ethiopian and Eritrean GovernmentLocation: Ethiopia (Tigray, Afar and Amhara Regions)",2020,2022,"300,000-600,000 (Including famine victims, per Ghent University)[137][138]",https://en.wikipedia.org/wiki/List_of_wars_by_death_toll,2023-01-20,Part of the Ethiopian civil conflict.
