Category ID,Category,Event,Event description,Location,Timepoint start,Timepoint end,Quantity outcome 1,Reference/link to data,Accessed on
7,Major dam failures,Marib Dam,"Unknown causes, possibly neglect. The consequent failure of the irrigation system provoked the migration of up to 50,000 people from Yemen.",Sheba - Yemen,575,,Un­known,https://en.wikipedia.org/wiki/Dam_failure,2023-08-30
7,Major dam failures,Subiaco Dam,Amateur attempt to lower the dam,Subiaco - Italy,1305,,Un­known,https://en.wikipedia.org/wiki/Dam_failure,2023-08-30
7,Major dam failures,Döda fallet/1796 Ragunda lake burst disaster,"Natural dam of glacial till had canal dug through it for purposes of navigation. As the till was hard to dig, water was used to erode the channel. The canal led to the failure of the dam.",Jämtland - Sweden,1796,,0,https://en.wikipedia.org/wiki/Dam_failure,2023-08-30
7,Major dam failures,Puentes Dam,"1,800 houses and 40,000 trees destroyed.",Lorca - Spain,1802,,608,https://en.wikipedia.org/wiki/Dam_failure,2023-08-30
7,Major dam failures,Hogs Back Dam,"Inexperience with cold weather engineering allowed for a small leak in wall to form on March 28 and the dam to slump on April 2. The following day, on April 3, the dam failed and washed away down the Rideau River. A new dam of a different design was built atop the foundation of the original later that same year.",Ottawa - Upper Canada,1829-04-03,,Un­known,https://en.wikipedia.org/wiki/Dam_failure,2023-08-30
7,Major dam failures,Bilberry reservoir,Failed in a heavy rain. Inquest found construction was culpably negligent.,Holme Valley - United Kingdom,1852-02-05,,81,https://en.wikipedia.org/wiki/Dam_failure,2023-08-30
7,Major dam failures,Dale Dike Reservoir/Great Sheffield Flood,Defective design and construction. Small leak in wall grew until new dam failed. More than 600 houses were damaged or destroyed. Lead to regulation.,South Yorkshire - United Kingdom,1864-03-11,,244,https://en.wikipedia.org/wiki/Dam_failure,2023-08-30
7,Major dam failures,Iruka Lake Dam,"Under the influence of heavy rain from late April, this soil dam collapsed on May 13. Water accumulated in Lake Iruka overflowed downstream, causing severe damage to Inuyama, Iwakura, Kasugai, Tsushima Yatomi, and to Komaki. 807 houses were destroyed, with another 11709 flooded.","Inuyama, Aichi Prefecture(then Owari Province) - Japan",1868,,941,https://en.wikipedia.org/wiki/Dam_failure,2023-08-30
7,Major dam failures,Mill River Dam,"Lax regulations and cost cutting led to an insufficient design, which fell apart when the reservoir was full. 600 million gallons of water were released, wiping out 4 towns and making national headlines. This dam break led to increased regulation of dam construction.","Williamsburg, Massachusetts - United States",1874,,139,https://en.wikipedia.org/wiki/Dam_failure,2023-08-30
7,Major dam failures,South Fork Dam/Johnstown flood,"Blamed on poor maintenance by owners, who lowered crest by a meter or more; court deemed it an ""Act of God"". Followed exceptionally heavy rainfall. 1,600 homes were destroyed.","Johnstown, Pennsylvania - United States",1889-05-31,,2 208,https://en.wikipedia.org/wiki/Dam_failure,2023-08-30
7,Major dam failures,Walnut Grove Dam,"A drunkard's negligence, shoddy construction, and corporate mismanagement killed as many as 150 after a routine flood exceeded the dam's design capacity.","Wickenburg, Arizona - United States",1890,,100+,https://en.wikipedia.org/wiki/Dam_failure,2023-08-30
7,Major dam failures,Gohna Lake dam,Failure of a landslide dam. Authorities had been able to evacuate the valley.,Garhwal - British India,1894-08-25,,1,https://en.wikipedia.org/wiki/Dam_failure,2023-08-30
7,Major dam failures,Austin Dam,"In an extreme current, two 250-foot sections of the dam slid about 20m downstream intact. The town was left without electrical power for months.","Austin, Texas - United States",1900-04-07,,8,https://en.wikipedia.org/wiki/Dam_failure,2023-08-30
7,Major dam failures,Hauser Dam,Heavy flooding coupled with poor foundation quality. Workers managed to warn people downstream.,"Helena, Montana - United States",1908-04-14,,0,https://en.wikipedia.org/wiki/Dam_failure,2023-08-30
7,Major dam failures,Broken Down Dam,"Design flaw; dam built on water springs. Four downstream dams and bridge destroyed; a fourth dam was opened and saved. Mills, homes and farms flooded. No fatalities.","Fergus Falls, Minnesota - United States",1908-09-24,,0,https://en.wikipedia.org/wiki/Dam_failure,2023-08-30
7,Major dam failures,Austin Dam,"Poor design, use of dynamite to remedy structural problems. Destroyed paper mill and much of the town of Austin. Replacement failed in 1942.","Austin, Pennsylvania - United States",1911-09-11,,78,https://en.wikipedia.org/wiki/Dam_failure,2023-08-30
7,Major dam failures,Desná Dam,Construction flaws caused the dam failure.,Desná - Austria-Hungary,1916,,65,https://en.wikipedia.org/wiki/Dam_failure,2023-08-30
7,Major dam failures,Lower Otay Dam,"Over-topped from flooding following heavy rains. Locally, blame was placed on Charles Hatfield who had been contracted by The City of San Diego for his efforts in rainmaking. Court cases following the dam's failure resulted in neither liabilities being passed to Mr. Hatfield nor the original payment, as both of the court's decisions ruled the event, 'an act of God'.","San Diego County, California - United States",1916,,14,https://en.wikipedia.org/wiki/Dam_failure,2023-08-30
7,Major dam failures,Sweetwater Dam,"Over-topped from flooding; spillway inadequate, water rose over a meter higher than the dam and waterfalled over its surface. Dam had been raised after a similar earlier overtopping. Partial failure.","San Diego County, California - United States",1916-01-27,,0,https://en.wikipedia.org/wiki/Dam_failure,2023-08-30
7,Major dam failures,Lake Toxaway Dam,"Heavy rains and lack of water-level controls caused the dam to give way. Private lake destroyed, resort area failed. Dam was later rebuilt in the 1960s","Transylvania County, North Carolina - United States",1916-08-13,,0,https://en.wikipedia.org/wiki/Dam_failure,2023-08-30
7,Major dam failures,Tigra Dam,Failed due to water infiltrating through sandstone foundation. Possibly more fatalities.,Gwalior - British India,1917-08-19,,1 000,https://en.wikipedia.org/wiki/Dam_failure,2023-08-30
7,Major dam failures,Gleno Dam,"Poor construction and design, inferior materials. Lasted 40 days.",Province of Bergamo - Italy,1923-12-01,,356,https://en.wikipedia.org/wiki/Dam_failure,2023-08-30
7,Major dam failures,Llyn Eigiau dam and Coedty reservoir,"The outflow from Llyn Eigiau destroyed Coedty reservoir. Contractor blamed cost-cutting in construction. 25"" of rain had fallen in preceding 5 days.",Dolgarrog - United Kingdom,1925-11-02,,17,https://en.wikipedia.org/wiki/Dam_failure,2023-08-30
7,Major dam failures,St. Francis Dam,Geological instability of canyon wall.,"Santa Clarita, California - United States",1928-03-12,,431+,https://en.wikipedia.org/wiki/Dam_failure,2023-08-30
7,Major dam failures,Castlewood Dam,"Bad design and maintenance, with proximate cause of heavy rain. Dam failed at 1 am on 3 August 1933, with dam waters just 15 miles from the City of Denver. Warnings to the city by 4 am allowed most people to move out of the way of the flood waters.","Franktown, Colorado - United States",1933,,2,https://en.wikipedia.org/wiki/Dam_failure,2023-08-30
7,Major dam failures,Granadillar Dam,Bad design and foundation.,Canary Islands - Spain,1934,,8,https://en.wikipedia.org/wiki/Dam_failure,2023-08-30
7,Major dam failures,Secondary Dam of Sella Zerbino,Geological unstable base combined with flood.,Molare - Italy,1935,,111,https://en.wikipedia.org/wiki/Dam_failure,2023-08-30
7,Major dam failures,Horonai Dam,"A torrential rain struck around Horonai River area. This is the dam collapse in the wake, and according to official confirmed, the lost houses reached to 32.","Ōmu, Hokkaido - Japan",1941,,60,https://en.wikipedia.org/wiki/Dam_failure,2023-08-30
7,Major dam failures,Nant-y-Gro dam,Destroyed deliberately with explosive charge during testing and preparation for Operation Chastise in World War II.,Elan Valley - United Kingdom,1942,,0,https://en.wikipedia.org/wiki/Dam_failure,2023-08-30
7,Major dam failures,Edersee Dam,Destroyed by bombing during Operation Chastise in World War II. Widespread destruction.,Hesse - Germany,1943-05-17,,70,https://en.wikipedia.org/wiki/Dam_failure,2023-08-30
7,Major dam failures,Möhne Dam,"Destroyed by bombing during Operation Chastise in World War II. 11 factories were destroyed, 114 seriously damaged.",Ruhr - Germany,1943-05-17,,1 579,https://en.wikipedia.org/wiki/Dam_failure,2023-08-30
7,Major dam failures,Xuriguera Dam,Heavy rain.,Barcelona - Spain,1944,,8,https://en.wikipedia.org/wiki/Dam_failure,2023-08-30
7,Major dam failures,Heiwaike Dam,"After heavy rain, the Heiwaike Dam collapsed, and water from the reservoir swallowed a downstream village. 80 houses ware damaged in Kameoka and the surrounding area.","Kameoka, Kyoto Prefecture - Japan",1951,,117,https://en.wikipedia.org/wiki/Dam_failure,2023-08-30
7,Major dam failures,Tangiwai disaster,Failure of Mount Ruapehu's crater lake. Natural tephra dam failed.,Whangaehu River - New Zealand,1953-12-24,,151,https://en.wikipedia.org/wiki/Dam_failure,2023-08-30
7,Major dam failures,Taisho Lake Dam,"Under the influence of heavy rain, outburst with a Ninotani Lake Dam.","Ide, Kyoto Prefecture - Japan",1951,,108,https://en.wikipedia.org/wiki/Dam_failure,2023-08-30
7,Major dam failures,Vega de Tera disaster,"According to dam workers' testimonies, the grounds had serious structural deficiencies due to poor construction. On the night of January 9, a 150 meters long portion of the containing wall collapsed, releasing nearly 8 million cubic meters of stored water.",Ribadelago - Spain,1959-01-09,,144,https://en.wikipedia.org/wiki/Dam_failure,2023-08-30
7,Major dam failures,Malpasset dam,Geological fault possibly enhanced by explosives work during construction; initial geo-study was not thorough. Two villages were destroyed.,Côte d'Azur - France,1959-12-02,,423,https://en.wikipedia.org/wiki/Dam_failure,2023-08-30
7,Major dam failures,Kurenivka mudslide,"Impoundment of the clay slurry reservoir (storing the waste of the local brick factories) failed after heavy rains, inundating the Kurenivka neighborhood with meters of mud. An unofficial modern report claims as high as 1,500 fatalities, while official reports state 145.",Kiev - Ukraine,1961-03-13,,145,https://en.wikipedia.org/wiki/Dam_failure,2023-08-30
7,Major dam failures,Panshet Dam,"Dam wall burst due to pressure of accumulated rain water. To protect the earthen dam from the flow of water, concrete blocks were used instead of steel-reinforced concrete due to a steel shortage.",Pune - India,1961-07-12,,1 000,https://en.wikipedia.org/wiki/Dam_failure,2023-08-30
7,Major dam failures,Baldwin Hills Reservoir,Subsidence caused by over-exploitation of local oil field. 277 homes destroyed.,Los Angeles - United States,1963-12-14,,5,https://en.wikipedia.org/wiki/Dam_failure,2023-08-30
7,Major dam failures,Vajont Dam,"Strictly not a dam failure, since the dam structure did not collapse and is still standing. Filling the reservoir caused geological failure in valley wall, leading to 110 km/h landslide into the lake; water escaped in a wave over the top of dam. Valley had been incorrectly assessed as stable. Several villages completely wiped out.",Monte Toc - Italy,1963-10-09,,2 000,https://en.wikipedia.org/wiki/Dam_failure,2023-08-30
7,Major dam failures,Spaulding Pond Dam(Mohegan Park),More than $6 million estimated damages.,Norwich - United States,1963-03-06,,6,https://en.wikipedia.org/wiki/Dam_failure,2023-08-30
7,Major dam failures,Swift Dam,Failed in heavy rains. Another nearby dam did likewise.,Montana - United States,1964-06-10,,28,https://en.wikipedia.org/wiki/Dam_failure,2023-08-30
7,Major dam failures,El Cobre New and Old Dam,Liquefaction during an earthquake released water and mining waste which traveled downstream and buried the town of El Cobre.,Valparaíso - Chile,1965-03-28,,350-400,https://en.wikipedia.org/wiki/Dam_failure,2023-08-30
7,Major dam failures,Mina Plakalnitsa,"A tailings dam at Plakalnitsa copper mine near Vratsa failed. A total 450,000 m3 of mud and water inundated Vratsa and the nearby village of Zgorigrad, which suffered widespread damage. The official death toll is 107, but an unofficial estimate is around 500 killed.",Vratsa - Bulgaria,1966-05-01,,107,https://en.wikipedia.org/wiki/Dam_failure,2023-08-30
7,Major dam failures,Sempor Dam,Flash floods over-topped the dam during construction.,Central Java Province - Indonesia,1967-11-29,,138,https://en.wikipedia.org/wiki/Dam_failure,2023-08-30
7,Major dam failures,Certej dam failure,"A tailings dam built too tall collapsed, flooding Certeju de Sus with toxic tailings.",Certej Mine - Romania,1971-10-30,,89,https://en.wikipedia.org/wiki/Dam_failure,2023-08-30
7,Major dam failures,Buffalo Creek Flood,"Unstable loose constructed dam created by local coal mining company, collapsed in heavy rain. 1,121 injured, 507 houses destroyed, over 4,000 left homeless.",West Virginia - United States,1972-02-26,,125,https://en.wikipedia.org/wiki/Dam_failure,2023-08-30
7,Major dam failures,Canyon Lake Dam,"Flooding, dam outlets clogged with debris. 3,057 injuries, over 1,335 homes and 5,000 automobiles destroyed.",South Dakota - United States,1972-06-09,,238,https://en.wikipedia.org/wiki/Dam_failure,2023-08-30
7,Major dam failures,Banqiao and Shimantan Dams,"The dam failure was caused by extreme rainfall, beyond the planned design capability of the dam, dumped on China by Typhoon Nina. 11 million people lost their homes. Dam was later rebuilt between 1986 and 1993.",Zhumadian - China,1975-08-08,,"26,000-240,000",https://en.wikipedia.org/wiki/Dam_failure,2023-08-30
7,Major dam failures,Teton Dam,"Geological problems including unsuitable bedrock, seismic activity and caves. USGS, said prior to completion: ""Since such a flood could be anticipated, we might consider a series of strategically-placed motion-picture cameras to document the process"". Water leakage eroded the earthen wall and lead to dam failure. 13,000 head of cattle died.",Idaho - United States,1976-06-05,,11,https://en.wikipedia.org/wiki/Dam_failure,2023-08-30
7,Major dam failures,Laurel Run Dam,"Heavy rainfall and flooding that over-topped the dam. Six other dams failed the same day, killing five people.",Johnstown - United States,1977-07-19,,40,https://en.wikipedia.org/wiki/Dam_failure,2023-08-30
7,Major dam failures,Kelly Barnes Dam,"Unknown, possibly design error as dam was raised several times by owners to improve power generation.",Georgia - United States,1977-11-06,,39,https://en.wikipedia.org/wiki/Dam_failure,2023-08-30
7,Major dam failures,Machchu-2 Dam,"The actual observed flow following the intense rainfall reached 16307 m³/s, thrice what the dam was designed for, resulting in its collapse. The 762 metres (2,500 ft) of left and 365 metres (1,198 ft) of right embankment of dam were collapsed. Within 20 minutes the floods of 12 to 30 ft (3.7 to 9.1 m) height inundated the low-lying areas of Morbi industrial town located 5 km below the dam.",Morbi - India,1979-08-11,,5 000,https://en.wikipedia.org/wiki/Dam_failure,2023-08-30
7,Major dam failures,Wadi Qattara Dam,Flooding beyond discharge and storage capacity damaged the main dam and destroyed the secondary dam in the scheme.,Benghazi - Libya,1979,,0,https://en.wikipedia.org/wiki/Dam_failure,2023-08-30
7,Major dam failures,Lawn Lake Dam,Outlet pipe erosion; dam under-maintained due to location.,Rocky Mountain National Park - United States,1982-07-15,,3,https://en.wikipedia.org/wiki/Dam_failure,2023-08-30
7,Major dam failures,Tous Dam,"Heavy flooding coupled with poor quality of the dam wall, lack of qualified staff and negligence of a warning of heavy rain in the area. On the next day, newspapers reported possibly 40 fatalities and 25 disappeared but in the coming days the count went down to 8 or 9. One year later, La Vanguardia spoke of 25.",Valencia - Spain,1982-10-20,,8,https://en.wikipedia.org/wiki/Dam_failure,2023-08-30
7,Major dam failures,Val di Stava dam,Poor maintenance and low margin for error in design; outlet pipes failed leading to pressure on dam.,Tesero - Italy,1985-07-19,,268,https://en.wikipedia.org/wiki/Dam_failure,2023-08-30
7,Major dam failures,Kantale Dam,"Poor maintenance, leakage, and consequent failure. Destroyed over 1600 houses and 2000 acres of paddy fields. Dam was 1400 years old, and heavy modern vehicles were driven across it.",Kantale - Sri Lanka,1986-04-20,,180,https://en.wikipedia.org/wiki/Dam_failure,2023-08-30
7,Major dam failures,Upriver Dam,"Lightning struck power system, turbines shut down. Water rose behind dam while trying to restart. Backup power systems failed, could not raise spillway gates in time. Dam overtopped (rebuilt).",Spokane - United States,1986-05-20,,0,https://en.wikipedia.org/wiki/Dam_failure,2023-08-30
7,Major dam failures,Belci dam failiure,"The embankment dam, built between 1958 and 1962 for the Borzești Petrochemical Plant on the Tazlău river, collapsed after record rainfall firstly overtopped the structure, followed by its breach later onwards. As the event happened in the night, 250 houses were destroyed, killing 25 people in the process.",Belci - Romania,1991-07-29,,25,https://en.wikipedia.org/wiki/Dam_failure,2023-08-30
7,Major dam failures,Peruća Dam detonation,Not strictly a dam failure as there was a detonation of pre-positioned explosives by retreating Serb Forces.,Split-Dalmatia County - Croatia,1993-01-28,,0,https://en.wikipedia.org/wiki/Dam_failure,2023-08-30
7,Major dam failures,Merriespruit tailings dam,Dam failed after a heavy thunderstorm. The dam was in an unacceptable condition prior to failure. Widespread devastation and environmental damage.,Free State - South Africa,1994-02-22,,17,https://en.wikipedia.org/wiki/Dam_failure,2023-08-30
7,Major dam failures,Meadow Pond Dam,Design and construction deficiencies resulted in failure in heavy icing conditions.,New Hampshire - United States,1996-03-13,,1,https://en.wikipedia.org/wiki/Dam_failure,2023-08-30
7,Major dam failures,Saguenay Flood,"Problems started after two weeks of constant rain, which severely engorged soils, rivers and reservoirs. Post-flood enquiries discovered that the network of dikes and dams protecting the city was poorly maintained.",Quebec - Canada,1996-07-19,,10,https://en.wikipedia.org/wiki/Dam_failure,2023-08-30
7,Major dam failures,Opuha Dam,"Heavy rain during construction caused failure, dam was later completed.",Canterbury - New Zealand,1997-02-06,,0,https://en.wikipedia.org/wiki/Dam_failure,2023-08-30
7,Major dam failures,Virgen Dam,"Heavy rains and flooding from Hurricane Mitch severely damaged the Mancotal and El Dorado Dams, over-topping their spillways and nearly destroying the dams. The Virgen Dam was destroyed but later rebuilt.",Matagalpa - Nicaragua,1998,,0,https://en.wikipedia.org/wiki/Dam_failure,2023-08-30
7,Major dam failures,Doñana disaster,"Over-steepened dam failed by sliding on weak clay foundation, releasing 4-5 million cubic metres of acidic mine tailings into the River Agrio, a tributary of the River Guadiamar, which is the main water source for the Doñana National Park, a UNESCO World Heritage Site.",Andalusia - Spain,1998-04-25,,0,https://en.wikipedia.org/wiki/Dam_failure,2023-08-30
7,Major dam failures,Shihgang Dam,Caused by damage sustained during the 1999 Jiji earthquake.,Taichung - Taiwan,1999-09-21,,0,https://en.wikipedia.org/wiki/Dam_failure,2023-08-30
7,Major dam failures,Martin County coal slurry spill,"Failure of a coal slurry impoundment. The water supply for over 27,000 residents was contaminated. The spill was 30 times larger than the Exxon Valdez oil spill and one of the worst environmental disasters ever in the southeastern United States","Martin County, Kentucky - United States",2000-10-11,,0,https://en.wikipedia.org/wiki/Dam_failure,2023-08-30
7,Major dam failures,Vodní nádrž Soběnov,Extreme rainfall during the 2002 European floods.,Soběnov - Czechia,2002,,0,https://en.wikipedia.org/wiki/Dam_failure,2023-08-30
7,Major dam failures,Zeyzoun Dam,"2,000 individuals displaced and over 10,000 directly affected.",Zeyzoun - Syria,2002-06-04,,22,https://en.wikipedia.org/wiki/Dam_failure,2023-08-30
7,Major dam failures,Silver Lake Dam,"Heavy rains caused earthen Fuse plug dam and bank to wash away. 1,800 people evacuated. Flood caused the failure of the downstream Tourist Park Dam.",Michigan - United States,2003-05-14,,0,https://en.wikipedia.org/wiki/Dam_failure,2023-08-30
7,Major dam failures,Hope Mills Dam,"In heavy rains, floodgate held shut bay water pressure. 1,600 people evacuated.",North Carolina - United States,2003-05-26,,0,https://en.wikipedia.org/wiki/Dam_failure,2023-08-30
7,Major dam failures,Ringdijk Groot-Mijdrecht [nl],"Strictly not a dam or dike failure. The original peat soil surrounding a polder (where peat had subsided due to oxidization) was pushed away by the water in the canal. The peat became lighter than water during the 2003 drought. The real cause was new wooden piling along the canal. This new piling was water-tight and therefore the peat soil dried out. Around 1,500 residents had to be evacuated.",Wilnis - Netherlands,2003-08-23,,0,https://en.wikipedia.org/wiki/Dam_failure,2023-08-30
7,Major dam failures,Big Bay Dam,"A small hole in the dam grew, spouted higher, and eventually led to failure. 104 buildings damaged or destroyed.",Mississippi - United States,2004-03-12,,0,https://en.wikipedia.org/wiki/Dam_failure,2023-08-30
7,Major dam failures,Camará Dam,Poor maintenance. 3000 people homeless. A second failure happened 11 days after.,Paraiba - Brazil,2004-06-17,,3,https://en.wikipedia.org/wiki/Dam_failure,2023-08-30
7,Major dam failures,Shakidor Dam,Sudden and extreme flooding caused by abnormally severe rain.,Pasni - Pakistan,2005-02-10,,70,https://en.wikipedia.org/wiki/Dam_failure,2023-08-30
7,Major dam failures,Taum Sauk reservoir,Computer/operator error; gauges intended to mark dam full were not respected; dam continued to fill. Minor leakages had also weakened the wall through piping. The dam of the lower reservoir withstood the onslaught of the flood.,"Lesterville, Missouri - United States",2005-12-14,,0,https://en.wikipedia.org/wiki/Dam_failure,2023-08-30
7,Major dam failures,Ka Loko Dam,"Heavy rain and flooding. Several possible specific factors to include poor maintenance, lack of inspection and illegal modifications.","Kauai, Hawaii - United States",2006-03-14,,7,https://en.wikipedia.org/wiki/Dam_failure,2023-08-30
7,Major dam failures,Campos Novos Dam,Tunnel collapse.,Campos Novos - Brazil,2006-06-20,,0,https://en.wikipedia.org/wiki/Dam_failure,2023-08-30
7,Major dam failures,Gusau Dam,"Heavy flooding, lack of maintenance. Approximately 500 homes were destroyed, displacing 1,000 people.",Gusau - Nigeria,2006-09-30,,40,https://en.wikipedia.org/wiki/Dam_failure,2023-08-30
7,Major dam failures,Lake Delton,"Failure in June 2008 Midwest floods; nearby highway washed out, creating a new channel which drained the lake.",Lake Delton - United States,2008-06-09,,0,https://en.wikipedia.org/wiki/Dam_failure,2023-08-30
7,Major dam failures,Koshi Barrage,Neglection of barrage and the building of barrage itself. The region however saw weak monsoon and multi-year drought preceding the barrage failuire. The flood affected over 2.3 million people in the northern part of Bihar.,Koshi Zone - Nepal,2008-08-18,,250,https://en.wikipedia.org/wiki/Dam_failure,2023-08-30
7,Major dam failures,Kingston Fossil Plantcoal fly ash slurry spill,Failure of a fly ash slurry pond.,"Roane County, Tennessee - United States",2008-12-22,,0,https://en.wikipedia.org/wiki/Dam_failure,2023-08-30
7,Major dam failures,Algodões Dam,"Heavy rain. 80 people injured, 2000 homeless.",Piaui - Brazil,2009-05-27,,7,https://en.wikipedia.org/wiki/Dam_failure,2023-08-30
7,Major dam failures,Situ Gintung Dam,Poor maintenance and heavy monsoon rain.,Tangerang - Indonesia,2009-03-27,,98,https://en.wikipedia.org/wiki/Dam_failure,2023-08-30
7,Major dam failures,Sayano-Shushenskaya Dam,"Not a dam failure, but rather the power station accident where the turbine 2 broke apart violently due to the metal fatigue caused by overlooked vibrations, flooding the turbine hall and causing the ceiling to collapse. The dam itself was unaffected, and the power station rebuilt within 5 years.",Sayanogorsk - Russia,2009-08-17,,75,https://en.wikipedia.org/wiki/Dam_failure,2023-08-30
7,Major dam failures,Kyzyl-Agash Dam,"Heavy rain and snowmelt. Causes, deathtoll disputed. 300 people were injured and over 1000 evacuated from the village.",Qyzylaghash - Kazakhstan,2010-03-11,,43,https://en.wikipedia.org/wiki/Dam_failure,2023-08-30
7,Major dam failures,Hope Mills Dam,"Sinkhole caused dam failure. Second failure of the dam, will be replaced.",North Carolina - United States,2010-06-16,,0,https://en.wikipedia.org/wiki/Dam_failure,2023-08-30
7,Major dam failures,Testalinda Dam,"Heavy Rain, low maintenance. Destroyed at least 5 homes. Buried Highway 97.","Oliver, British Columbia - Canada",2010-06-13,,0,https://en.wikipedia.org/wiki/Dam_failure,2023-08-30
7,Major dam failures,Delhi Dam,"Heavy rain, flooding, malfunctioning spillwy and structural problems. Around 8,000 people had to be evacuated. Replacement uncertain due to lake-dredging debt.",Iowa - United States,2010-07-24,,0,https://en.wikipedia.org/wiki/Dam_failure,2023-08-30
7,Major dam failures,Niedow Dam,"Heavy rain, over-topped from flooding.",Lower Silesian Voivodeship - Poland,2010-08-07,,1,https://en.wikipedia.org/wiki/Dam_failure,2023-08-30
7,Major dam failures,Ajka alumina plant accident,Failure of concrete impound wall on alumina plant tailings dam. One million cubic meters of red mud contaminated a large area; within days the mud had reached the Danube.,Ajka - Hungary,2010-10-04,,10,https://en.wikipedia.org/wiki/Dam_failure,2023-08-30
7,Major dam failures,Kenmare Resources tailings dam,Failure of tailings dam at titanium mine. 300 homes had been rebuilt.,Topuito - Mozambique,2010-10-04,,1,https://en.wikipedia.org/wiki/Dam_failure,2023-08-30
7,Major dam failures,Fujinuma Dam,"Failed after 2011 Tōhoku earthquake. Authorities state that the dam failure was caused by the earthquake, making these the first earthquake-caused dam failure fatalities since 1930, worldwide. Nearby dams damaged by same earthquake.",Sukagawa - Japan,2011-03-11,,8,https://en.wikipedia.org/wiki/Dam_failure,2023-08-30
7,Major dam failures,Campos dos Goytacazes dam,Failed after a period of flooding. 4000 people displaced.,Campos dos Goytacazes - Brazil,2012-01-04,,0,https://en.wikipedia.org/wiki/Dam_failure,2023-08-30
7,Major dam failures,Ivanovo Dam,Failed after a period of heavy snowmelt. A crack in the dam went unrepaired for years. Eight people killed and several communities flooded.,Biser - Bulgaria,2012-02-06,,8,https://en.wikipedia.org/wiki/Dam_failure,2023-08-30
7,Major dam failures,Köprü Dam,A gate in the diversion tunnel broke after a period of heavy rain during the reservoir's first filing. The accident killed ten workers.,Adana Province - Turkey,2012-02-24,,10,https://en.wikipedia.org/wiki/Dam_failure,2023-08-30
7,Major dam failures,Dakrong 3 Dam,Poor design aggravated by Typhoon Gaemi flood surge.,Quảng Trị Province - Vietnam,2012-10-07,,0,https://en.wikipedia.org/wiki/Dam_failure,2023-08-30
7,Major dam failures,Tokwe Mukorsi Dam,"Downstream slope failure on a 90.3 m (296 ft) tall embankment dam, possibly as the reservoir was being filled. Residents evacuated upstream.",Masvingo Province - Zimbabwe,2014-02-04,,0,https://en.wikipedia.org/wiki/Dam_failure,2023-08-30
7,Major dam failures,Mount Polley,Tailings dam collapse due to negligent operation; reservoir was overfilled beyond design parameters despite repeated warnings of the danger combined with a minor dam breach a few months before and fundamental design flaws.,British Columbia - Canada,2014-08-04,,0,https://en.wikipedia.org/wiki/Dam_failure,2023-08-30
7,Major dam failures,Mariana dam disaster,"Tailings dam collapsed. One village destroyed, 600 people evacuated. 60 million cubic meters of iron waste slurry polluted Doce River, and the sea near the river's mouth.","Mariana, Minas Gerais - Brazil",2015-11-05,,19,https://en.wikipedia.org/wiki/Dam_failure,2023-08-30
7,Major dam failures,Maple Lake,"A heavy rainstorm caused a section of a dam to crumble because of the weight of a pond above, which happened around 5 a.m.","Paw Paw, Michigan - United States",2017-10-05,,0,https://en.wikipedia.org/wiki/Dam_failure,2023-08-30
7,Major dam failures,Patel Dam,"Failed after several days of heavy rain. Private dam, causes unclear.",Solai - Kenya,2018-05-10,,47,https://en.wikipedia.org/wiki/Dam_failure,2023-08-30
7,Major dam failures,Panjshir Valley dam,"Dilapidated dam crumbled under heavy summer rains, 13 missing, 300 houses destroyed.",Panjshir Valley - Afghanistan,2018-07-11,,10,https://en.wikipedia.org/wiki/Dam_failure,2023-08-30
7,Major dam failures,Xe-Pian Xe-Namnoy Dam,"Saddle dam under construction collapsed during rainstorms. 6600 people homeless, 98 missing. Company denied the dam had collapsed.",Attapeu Province - Laos,2018-07-23,,36,https://en.wikipedia.org/wiki/Dam_failure,2023-08-30
7,Major dam failures,Swar Chaung Dam,"Breach in the dam's spillway. 63,000 evacuated, 3 missing. 85 villages affected.",Yedashe - Myanmar,2018-08-19,,4,https://en.wikipedia.org/wiki/Dam_failure,2023-08-30
7,Major dam failures,"Sanford Dam, Patricia Lake","Overtopping after over 36"" rainfall during landfall of Hurricane Florence.","Boiling Spring Lakes, North Carolina - United States",2018-09-15,,0,https://en.wikipedia.org/wiki/Dam_failure,2023-08-30
7,Major dam failures,Brumadinho dam disaster,Tailings dam suffered a catastrophic failure releasing 12 million cubic meters of tailings slurry.,"Brumadinho, Minas Gerais - Brazil",2019-01-25,,270,https://en.wikipedia.org/wiki/Dam_failure,2023-08-30
7,Major dam failures,Spencer Dam,Dam was breached after a major storm caused heavy rain.,"Near Spencer, Nebraska - United States",2019-03-14,,0,https://en.wikipedia.org/wiki/Dam_failure,2023-08-30
7,Major dam failures,Tiware Dam,Heavy rains overtopped and breached the dam.,Ratnagiri District - India,2019-07-02,,23,https://en.wikipedia.org/wiki/Dam_failure,2023-08-30
7,Major dam failures,Edenville Dam,Static liquefaction.,"Edenville, Michigan - United States",2020-05-19,,0,https://en.wikipedia.org/wiki/Dam_failure,2023-08-30
7,Major dam failures,Sanford Dam,"The failure of the Edenville Dam immediately upstream caused a large inflow into Sanford Lake, which overtopped the dam.","Sanford, Michigan - United States",2020-05-19,,0,https://en.wikipedia.org/wiki/Dam_failure,2023-08-30
7,Major dam failures,2021 Uttarakhand flood,"The Rishiganga dam was destroyed by either an avalanche or a glacier burst, leading to a large surge of water downstream that also breached the Tapovan Hydropower Plant. 145 people missing.","Chamoli, Uttarkhand - India",2021-02-07,,61,https://en.wikipedia.org/wiki/Dam_failure,2023-08-30
7,Major dam failures,2022 Jagersfontein Dam Collapse,Structural failure.,"Jagersfontein, Free State - South Africa",2022-09-11,,3,https://en.wikipedia.org/wiki/Dam_failure,2023-08-30
7,Major dam failures,Destruction of the Kakhovka Dam,"Unknown, presumed intentional explosion.","Nova Kakhovka, Kherson Oblast - Ukraine",2023-06-06,,Un­known,https://en.wikipedia.org/wiki/Dam_failure,2023-08-30
