Category ID,Category,Event,Event description,Country,
G65,List of volcanic eruptions,"Macauley, -4360",Macauley - Kermadec Is - New Zealand - -4360,New Zealand,
G65,List of volcanic eruptions,"Kikai, -4350",Kikai - Ryukyu Is - Japan - -4350,Japan,
G65,List of volcanic eruptions,"Masaya, -4050",Masaya - Nicaragua - Nicaragua - -4050,Nicaragua,
G65,List of volcanic eruptions,"Witori, -4000",Witori - New Britain-SW Pac - Papua New Guinea - -4000,Papua New Guinea,
G65,List of volcanic eruptions,"Taal, -3580",Taal - Luzon-Philippines - Philippines - -3580,Philippines,
G65,List of volcanic eruptions,"Pinatubo, -3550",Pinatubo - Luzon-Philippines - Philippines - -3550,Philippines,
G65,List of volcanic eruptions,"Vesuvius, -2420",Vesuvius - Italy - Italy - -2420,Italy,
G65,List of volcanic eruptions,"Long Island, -2040",Long Island - New Guinea-NE of - Papua New Guinea - -2040,Papua New Guinea,
G65,List of volcanic eruptions,"Black Peak, -1900",Black Peak - Alaska Peninsula - United States - -1900,United States,
G65,List of volcanic eruptions,"Hudson, Cerro, -1890","Hudson, Cerro - Chile-S - Chile - -1890",Chile,
G65,List of volcanic eruptions,"St. Helens, -1860",St. Helens - US-Washington - United States - -1860,United States,
G65,List of volcanic eruptions,"Veniaminof, -1750",Veniaminof - Alaska Peninsula - United States - -1750,United States,
G65,List of volcanic eruptions,"Aniakchak, -1645",Aniakchak - Alaska Peninsula - United States - -1645,United States,
G65,List of volcanic eruptions,"Santorini, -1610",Santorini - Greece - Greece - -1610,Greece,
G65,List of volcanic eruptions,"Redoubt, -1550",Redoubt - Alaska-SW - United States - -1550,United States,
G65,List of volcanic eruptions,"Taupo, -1460",Taupo - New Zealand - New Zealand - -1460,New Zealand,
G65,List of volcanic eruptions,"Witori, -1370",Witori - New Britain-SW Pac - Papua New Guinea - -1370,Papua New Guinea,
G65,List of volcanic eruptions,"Pinatubo, -1050",Pinatubo - Luzon-Philippines - Philippines - -1050,Philippines,
G65,List of volcanic eruptions,"Tungurahua, -1010",Tungurahua - Ecuador - Ecuador - -1010,Ecuador,
G65,List of volcanic eruptions,"Cotopaxi, -455",Cotopaxi - Ecuador - Ecuador - -455,Ecuador,
G65,List of volcanic eruptions,"Raoul Island, -250",Raoul Island - Kermadec Is - New Zealand - -250,New Zealand,
G65,List of volcanic eruptions,"Santorini, -197",Santorini - Greece - Greece - -197,Greece,
G65,List of volcanic eruptions,"St. Andrew Strait, -150",St. Andrew Strait - Admiralty Is-SW Paci - Papua New Guinea - -150,Papua New Guinea,
G65,List of volcanic eruptions,"Etna, -141",Etna - Italy - Italy - -141,Italy,
G65,List of volcanic eruptions,"Okmok, -100",Okmok - Aleutian Is - United States - -100,United States,
G65,List of volcanic eruptions,"Apoyeque, -50",Apoyeque - Nicaragua - Nicaragua - -50,Nicaragua,
G65,List of volcanic eruptions,"Santorini, 46",Santorini - Greece - Greece - 46,Greece,
G65,List of volcanic eruptions,"Ambrym, 50",Ambrym - Vanuatu-SW Pacific - Vanuatu - 50,Vanuatu,
G65,List of volcanic eruptions,"Churchill, 60",Churchill - Alaska-E - United States - 60,United States,
G65,List of volcanic eruptions,"Vesuvius, 79",Vesuvius - Italy - Italy - 79,Italy,
G65,List of volcanic eruptions,"Arhab, Harra of, 200","Arhab, Harra of - Arabia-S - Yemen - 200",Yemen,
G65,List of volcanic eruptions,"Taupo, 233",Taupo - New Zealand - New Zealand - 233,New Zealand,
G65,List of volcanic eruptions,"Ksudach, 240",Ksudach - Kamchatka - Russia - 240,Russia,
G65,List of volcanic eruptions,"Augustine, 350",Augustine - Alaska-SW - United States - 350,United States,
G65,List of volcanic eruptions,"Krakatau, 416",Krakatau - Indonesia - Indonesia - 416,Indonesia,
G65,List of volcanic eruptions,"Ilopango, 450",Ilopango - El Salvador - El Salvador - 450,El Salvador,
G65,List of volcanic eruptions,"Arhab, Harra of, 500","Arhab, Harra of - Arabia-S - Yemen - 500",Yemen,
G65,List of volcanic eruptions,"San Salvador, 590",San Salvador - El Salvador - El Salvador - 590,El Salvador,
G65,List of volcanic eruptions,"Uwayrid, Harrat, 640","Uwayrid, Harrat - Arabia-W - Saudi Arabia - 640",Saudi Arabia,
G65,List of volcanic eruptions,"Dakataua, 653",Dakataua - New Britain-SW Pac - Papua New Guinea - 653,Papua New Guinea,
G65,List of volcanic eruptions,"Rabaul, 683",Rabaul - New Britain-SW Pac - Papua New Guinea - 683,Papua New Guinea,
G65,List of volcanic eruptions,"Witori, 710",Witori - New Britain-SW Pac - Papua New Guinea - 710,Papua New Guinea,
G65,List of volcanic eruptions,"Aira, 764",Aira - Kyushu-Japan - Japan - 764,Japan,
G65,List of volcanic eruptions,"Aira, 766",Aira - Kyushu-Japan - Japan - 766,Japan,
G65,List of volcanic eruptions,"Vesuvius, 787",Vesuvius - Italy - Italy - 787,Italy,
G65,List of volcanic eruptions,"Churchill, 847",Churchill - Alaska-E - United States - 847,United States,
G65,List of volcanic eruptions,"Katla, 920",Katla - Iceland-S - Iceland - 920,Iceland,
G65,List of volcanic eruptions,"Ceboruco, 930",Ceboruco - Mexico - Mexico - 930,Mexico,
G65,List of volcanic eruptions,"Katla, 934",Katla - Iceland-S - Iceland - 934,Iceland,
G65,List of volcanic eruptions,"Changbaishan, 946",Changbaishan - China-E - North Korea - 946,North Korea,
G65,List of volcanic eruptions,"Katla, 950",Katla - Iceland-S - Iceland - 950,Iceland,
G65,List of volcanic eruptions,"Santorini, 1050",Santorini - Greece - Greece - 1050,Greece,
G65,List of volcanic eruptions,"Hekla, 1104",Hekla - Iceland-S - Iceland - 1104,Iceland,
G65,List of volcanic eruptions,"Krysuvik-Trolladyngja, 1151",Krysuvik-Trolladyngja - Iceland-SW - Iceland - 1151,Iceland,
G65,List of volcanic eruptions,"Hekla, 1158",Hekla - Iceland-S - Iceland - 1158,Iceland,
G65,List of volcanic eruptions,"Etna, 1169",Etna - Italy - Italy - 1169,Italy,
G65,List of volcanic eruptions,"Etna, 1169",Etna - Italy - Italy - 1169,Italy,
G65,List of volcanic eruptions,"Katla, 1177",Katla - Iceland-S - Iceland - 1177,Iceland,
G65,List of volcanic eruptions,"Hekla, 1206",Hekla - Iceland-S - Iceland - 1206,Iceland,
G65,List of volcanic eruptions,"Fentale, 1250",Fentale - Africa-NE - Ethiopia - 1250,Ethiopia,
G65,List of volcanic eruptions,"Katla, 1262",Katla - Iceland-S - Iceland - 1262,Iceland,
G65,List of volcanic eruptions,"Quilotoa, 1280",Quilotoa - Ecuador - Ecuador - 1280,Ecuador,
G65,List of volcanic eruptions,"Hekla, 1300",Hekla - Iceland-S - Iceland - 1300,Iceland,
G65,List of volcanic eruptions,"Ischia, 1302",Ischia - Italy - Italy - 1302,Italy,
G65,List of volcanic eruptions,"Katla, 1311",Katla - Iceland-S - Iceland - 1311,Iceland,
G65,List of volcanic eruptions,"Kelud, 1311",Kelud - Java - Indonesia - 1311,Indonesia,
G65,List of volcanic eruptions,"Etna, 1329",Etna - Italy - Italy - 1329,Italy,
G65,List of volcanic eruptions,"Etna, 1329",Etna - Italy - Italy - 1329,Italy,
G65,List of volcanic eruptions,"Asosan, 1331",Asosan - Kyushu-Japan - Japan - 1331,Japan,
G65,List of volcanic eruptions,"Kelud, 1334",Kelud - Java - Indonesia - 1334,Indonesia,
G65,List of volcanic eruptions,"Hekla, 1341",Hekla - Iceland-S - Iceland - 1341,Iceland,
G65,List of volcanic eruptions,"Katla, 1357",Katla - Iceland-S - Iceland - 1357,Iceland,
G65,List of volcanic eruptions,"Oraefajokull, 1362",Oraefajokull - Iceland-SE - Iceland - 1362,Iceland,
G65,List of volcanic eruptions,"Chichon, El, 1375","Chichon, El - Mexico - Mexico - 1375",Mexico,
G65,List of volcanic eruptions,"Kelud, 1376",Kelud - Java - Indonesia - 1376,Indonesia,
G65,List of volcanic eruptions,"Kelud, 1385",Kelud - Java - Indonesia - 1385,Indonesia,
G65,List of volcanic eruptions,"Hekla, 1389",Hekla - Iceland-S - Iceland - 1389,Iceland,
G65,List of volcanic eruptions,"Nasudake, 1410",Nasudake - Honshu-Japan - Japan - 1410,Japan,
G65,List of volcanic eruptions,"Kuwae, 1430",Kuwae - Vanuatu-SW Pacific - Vanuatu - 1430,Vanuatu,
G65,List of volcanic eruptions,"Aira, 1471",Aira - Kyushu-Japan - Japan - 1471,Japan,
G65,List of volcanic eruptions,"Bardarbunga, 1477",Bardarbunga - Iceland-NE - Iceland - 1477,Iceland,
G65,List of volcanic eruptions,"Asosan, 1485",Asosan - Kyushu-Japan - Japan - 1485,Japan,
G65,List of volcanic eruptions,"Katla, 1500",Katla - Iceland-S - Iceland - 1500,Iceland,
G65,List of volcanic eruptions,"Hekla, 1510",Hekla - Iceland-S - Iceland - 1510,Iceland,
G65,List of volcanic eruptions,"Hekla, 1510",Hekla - Iceland-S - Iceland - 1510,Iceland,
G65,List of volcanic eruptions,"Etna, 1536",Etna - Italy - Italy - 1536,Italy,
G65,List of volcanic eruptions,"Campi Flegrei, 1538",Campi Flegrei - Italy - Italy - 1538,Italy,
G65,List of volcanic eruptions,"Augustine, 1540",Augustine - Alaska-SW - United States - 1540,United States,
G65,List of volcanic eruptions,"Dukono, 1550",Dukono - Halmahera-Indonesia - Indonesia - 1550,Indonesia,
G65,List of volcanic eruptions,"Kie Besi, 1550",Kie Besi - Halmahera-Indonesia - Indonesia - 1550,Indonesia,
G65,List of volcanic eruptions,"Gamkonora, 1564",Gamkonora - Halmahera-Indonesia - Indonesia - 1564,Indonesia,
G65,List of volcanic eruptions,"Pacaya, 1565",Pacaya - Guatemala - Guatemala - 1565,Guatemala,
G65,List of volcanic eruptions,"Kirishimayama, 1566",Kirishimayama - Kyushu-Japan - Japan - 1566,Japan,
G65,List of volcanic eruptions,"Savo, 1568",Savo - Solomon Is-SW Pacifi - Solomon Is. - 1568,Solomon Islands,
G65,List of volcanic eruptions,"Mombacho, 1570",Mombacho - Nicaragua - Nicaragua - 1570,Nicaragua,
G65,List of volcanic eruptions,"Taal, 1572",Taal - Luzon-Philippines - Philippines - 1572,Philippines,
G65,List of volcanic eruptions,"Colima, 1576",Colima - Mexico - Mexico - 1576,Mexico,
G65,List of volcanic eruptions,"Sao Jorge, 1580",Sao Jorge - Azores - Portugal - 1580,Portugal,
G65,List of volcanic eruptions,"Katla, 1580",Katla - Iceland-S - Iceland - 1580,Iceland,
G65,List of volcanic eruptions,"Billy Mitchell, 1580",Billy Mitchell - Bougainville-SW Paci - Papua New Guinea - 1580,Papua New Guinea,
G65,List of volcanic eruptions,"Fuego, 1581",Fuego - Guatemala - Guatemala - 1581,Guatemala,
G65,List of volcanic eruptions,"Kelud, 1586",Kelud - Java - Indonesia - 1586,Indonesia,
G65,List of volcanic eruptions,"Merapi, 1587",Merapi - Java - Indonesia - 1587,Indonesia,
G65,List of volcanic eruptions,"Colima, 1590",Colima - Mexico - Mexico - 1590,Mexico,
G65,List of volcanic eruptions,"Raung, 1593",Raung - Java - Indonesia - 1593,Indonesia,
G65,List of volcanic eruptions,"Ruiz, Nevado del, 1595","Ruiz, Nevado del - Colombia - Colombia - 1595",Colombia,
G65,List of volcanic eruptions,"Asamayama, 1596",Asamayama - Honshu-Japan - Japan - 1596,Japan,
G65,List of volcanic eruptions,"Hekla, 1597",Hekla - Iceland-S - Iceland - 1597,Iceland,
G65,List of volcanic eruptions,"Raung, 1597",Raung - Java - Indonesia - 1597,Indonesia,
G65,List of volcanic eruptions,"Asamayama, 1598",Asamayama - Honshu-Japan - Japan - 1598,Japan,
G65,List of volcanic eruptions,"Banda Api, 1598",Banda Api - Banda Sea - Pacific Ocean - 1598,,
G65,List of volcanic eruptions,"Huaynaputina, 1600",Huaynaputina - Peru - Peru - 1600,Peru,
G65,List of volcanic eruptions,"Hachijojima, 1606",Hachijojima - Izu Is-Japan - Japan - 1606,Japan,
G65,List of volcanic eruptions,"Gamalama, 1608",Gamalama - Halmahera-Indonesia - Indonesia - 1608,Indonesia,
G65,List of volcanic eruptions,"Tengchong, 1609",Tengchong - China-S - China - 1609,China,
G65,List of volcanic eruptions,"Banda Api, 1615",Banda Api - Banda Sea - Pacific Ocean - 1615,,
G65,List of volcanic eruptions,"Fuego, 1617",Fuego - Guatemala - Guatemala - 1617,Guatemala,
G65,List of volcanic eruptions,"Katla, 1625",Katla - Iceland-S - Iceland - 1625,Iceland,
G65,List of volcanic eruptions,"Grimsvotn, 1629",Grimsvotn - Iceland-NE - Iceland - 1629,Iceland,
G65,List of volcanic eruptions,"Furnas, 1630",Furnas - Azores - Portugal - 1630,Portugal,
G65,List of volcanic eruptions,"Dama Ali, 1631",Dama Ali - Africa-NE - Ethiopia - 1631,Ethiopia,
G65,List of volcanic eruptions,"Vesuvius, 1631",Vesuvius - Italy - Italy - 1631,Italy,
G65,List of volcanic eruptions,"Hekla, 1636",Hekla - Iceland-S - Iceland - 1636,Iceland,
G65,List of volcanic eruptions,"Raung, 1638",Raung - Java - Indonesia - 1638,Indonesia,
G65,List of volcanic eruptions,"Hokkaido-Komagatake, 1640",Hokkaido-Komagatake - Hokkaido-Japan - Japan - 1640,Japan,
G65,List of volcanic eruptions,"Tungurahua, 1640",Tungurahua - Ecuador - Ecuador - 1640,Ecuador,
G65,List of volcanic eruptions,"Kie Besi, 1646",Kie Besi - Halmahera-Indonesia - Indonesia - 1646,Indonesia,
G65,List of volcanic eruptions,"Santorini, 1650",Santorini - Greece - Greece - 1650,Greece,
G65,List of volcanic eruptions,"San Salvador, 1659",San Salvador - El Salvador - El Salvador - 1659,El Salvador,
G65,List of volcanic eruptions,"Teon, 1659",Teon - Banda Sea - Pacific Ocean - 1659,,
G65,List of volcanic eruptions,"Teon, 1660",Teon - Banda Sea - Pacific Ocean - 1660,,
G65,List of volcanic eruptions,"Guagua Pichincha, 1660",Guagua Pichincha - Ecuador - Ecuador - 1660,Ecuador,
G65,List of volcanic eruptions,"Katla, 1660",Katla - Iceland-S - Iceland - 1660,Iceland,
G65,List of volcanic eruptions,"Long Island, 1660",Long Island - New Guinea-NE of - Papua New Guinea - 1660,Papua New Guinea,
G65,List of volcanic eruptions,"Toya, 1663",Toya - Hokkaido-Japan - Japan - 1663,Japan,
G65,List of volcanic eruptions,"Unzendake, 1664",Unzendake - Kyushu-Japan - Japan - 1664,Japan,
G65,List of volcanic eruptions,"Io-Torishima, 1664",Io-Torishima - Ryukyu Is - Japan - 1664,Japan,
G65,List of volcanic eruptions,"Etna, 1669",Etna - Italy - Italy - 1669,Italy,
G65,List of volcanic eruptions,"Etna, 1669",Etna - Italy - Italy - 1669,Italy,
G65,List of volcanic eruptions,"Ambae, 1670",Ambae - Vanuatu-SW Pacific - Vanuatu - 1670,Vanuatu,
G65,List of volcanic eruptions,"Fayal, 1672",Fayal - Azores - Portugal - 1672,Portugal,
G65,List of volcanic eruptions,"Merapi, 1672",Merapi - Java - Indonesia - 1672,Indonesia,
G65,List of volcanic eruptions,"Gamkonora, 1673",Gamkonora - Halmahera-Indonesia - Indonesia - 1673,Indonesia,
G65,List of volcanic eruptions,"La Palma, 1677",La Palma - Canary Is - Spain - 1677,Spain,
G65,List of volcanic eruptions,"Zukur, 1679",Zukur - Red Sea - Yemen - 1679,Yemen,
G65,List of volcanic eruptions,"Vesuvius, 1682",Vesuvius - Italy - Italy - 1682,Italy,
G65,List of volcanic eruptions,"Grimsvotn, 1684",Grimsvotn - Iceland-NE - Iceland - 1684,Iceland,
G65,List of volcanic eruptions,"Vesuvius, 1690",Vesuvius - Italy - Italy - 1690,Italy,
G65,List of volcanic eruptions,"Guntur, 1690",Guntur - Java - Indonesia - 1690,Indonesia,
G65,List of volcanic eruptions,"Serua, 1692",Serua - Banda Sea - Pacific Ocean - 1692,,
G65,List of volcanic eruptions,"Etna, 1693",Etna - Italy - Italy - 1693,Italy,
G65,List of volcanic eruptions,"Hekla, 1693",Hekla - Iceland-S - Iceland - 1693,Iceland,
G65,List of volcanic eruptions,"Banda Api, 1694",Banda Api - Banda Sea - Pacific Ocean - 1694,,
G65,List of volcanic eruptions,"Vesuvius, 1698",Vesuvius - Italy - Italy - 1698,Italy,
G65,List of volcanic eruptions,"Ciremai, 1698",Ciremai - Java - Indonesia - 1698,Indonesia,
G65,List of volcanic eruptions,"Cotopaxi, 1698",Cotopaxi - Ecuador - Ecuador - 1698,Ecuador,
G65,List of volcanic eruptions,"Tenerife, 1706",Tenerife - Canary Is - Spain - 1706,Spain,
G65,List of volcanic eruptions,"Santorini, 1707",Santorini - Greece - Greece - 1707,Greece,
G65,List of volcanic eruptions,"Fujisan, 1707",Fujisan - Honshu-Japan - Japan - 1707,Japan,
G65,List of volcanic eruptions,"Awu, 1711",Awu - Sangihe Is-Indonesia - Indonesia - 1711,Indonesia,
G65,List of volcanic eruptions,"Bardarbunga, 1712",Bardarbunga - Iceland-NE - Iceland - 1712,Iceland,
G65,List of volcanic eruptions,"Vesuvius, 1714",Vesuvius - Italy - Italy - 1714,Italy,
G65,List of volcanic eruptions,"Kelud, 1716",Kelud - Java - Indonesia - 1716,Indonesia,
G65,List of volcanic eruptions,"Taal, 1716",Taal - Luzon-Philippines - Philippines - 1716,Philippines,
G65,List of volcanic eruptions,"Bardarbunga, 1716",Bardarbunga - Iceland-NE - Iceland - 1716,Iceland,
G65,List of volcanic eruptions,"Kirishimayama, 1716",Kirishimayama - Kyushu-Japan - Japan - 1716,Japan,
G65,List of volcanic eruptions,"Kirishimayama, 1717",Kirishimayama - Kyushu-Japan - Japan - 1717,Japan,
G65,List of volcanic eruptions,"Bardarbunga, 1717",Bardarbunga - Iceland-NE - Iceland - 1717,Iceland,
G65,List of volcanic eruptions,"Fuego, 1717",Fuego - Guatemala - Guatemala - 1717,Guatemala,
G65,List of volcanic eruptions,"Pico, 1718",Pico - Azores - Portugal - 1718,Portugal,
G65,List of volcanic eruptions,"Katla, 1721",Katla - Iceland-S - Iceland - 1721,Iceland,
G65,List of volcanic eruptions,"Asamayama, 1721",Asamayama - Honshu-Japan - Japan - 1721,Japan,
G65,List of volcanic eruptions,"Bardarbunga, 1726",Bardarbunga - Iceland-NE - Iceland - 1726,Iceland,
G65,List of volcanic eruptions,"Oraefajokull, 1727",Oraefajokull - Iceland-SE - Iceland - 1727,Iceland,
G65,List of volcanic eruptions,"Bardarbunga, 1729",Bardarbunga - Iceland-NE - Iceland - 1729,Iceland,
G65,List of volcanic eruptions,"Krafla, 1729",Krafla - Iceland-NE - Iceland - 1729,Iceland,
G65,List of volcanic eruptions,"Lanzarote, 1730",Lanzarote - Canary Is - Spain - 1730,Spain,
G65,List of volcanic eruptions,"Tseax River Cone, 1730",Tseax River Cone - Canada - Canada - 1730,Canada,
G65,List of volcanic eruptions,"Raung, 1730",Raung - Java - Indonesia - 1730,Indonesia,
G65,List of volcanic eruptions,"Vesuvius, 1737",Vesuvius - Italy - Italy - 1737,Italy,
G65,List of volcanic eruptions,"Oshima-Oshima, 1741",Oshima-Oshima - Hokkaido-Japan - Japan - 1741,Japan,
G65,List of volcanic eruptions,"Cotopaxi, 1742",Cotopaxi - Ecuador - Ecuador - 1742,Ecuador,
G65,List of volcanic eruptions,"Cotopaxi, 1742",Cotopaxi - Ecuador - Ecuador - 1742,Ecuador,
G65,List of volcanic eruptions,"Taal, 1749",Taal - Luzon-Philippines - Philippines - 1749,Philippines,
G65,List of volcanic eruptions,"Grimsvotn, 1753",Grimsvotn - Iceland-NE - Iceland - 1753,Iceland,
G65,List of volcanic eruptions,"Taal, 1754",Taal - Luzon-Philippines - Philippines - 1754,Philippines,
G65,List of volcanic eruptions,"Katla, 1755",Katla - Iceland-S - Iceland - 1755,Iceland,
G65,List of volcanic eruptions,"Sao Jorge, 1757",Sao Jorge - Azores - Portugal - 1757,Portugal,
G65,List of volcanic eruptions,"Kie Besi, 1760",Kie Besi - Halmahera-Indonesia - Indonesia - 1760,Indonesia,
G65,List of volcanic eruptions,"Klyuchevskoy, 1762",Klyuchevskoy - Kamchatka - Russia - 1762,Russia,
G65,List of volcanic eruptions,"Hekla, 1766",Hekla - Iceland-S - Iceland - 1766,Iceland,
G65,List of volcanic eruptions,"Mayon, 1766",Mayon - Luzon-Philippines - Philippines - 1766,Philippines,
G65,List of volcanic eruptions,"Cotopaxi, 1768",Cotopaxi - Ecuador - Ecuador - 1768,Ecuador,
G65,List of volcanic eruptions,"Dempo, 1770",Dempo - Sumatra - Indonesia - 1770,Indonesia,
G65,List of volcanic eruptions,"Gamalama, 1772",Gamalama - Halmahera-Indonesia - Indonesia - 1772,Indonesia,
G65,List of volcanic eruptions,"Papandayan, 1772",Papandayan - Java - Indonesia - 1772,Indonesia,
G65,List of volcanic eruptions,"Gamalama, 1773",Gamalama - Halmahera-Indonesia - Indonesia - 1773,Indonesia,
G65,List of volcanic eruptions,"Gamalama, 1775",Gamalama - Halmahera-Indonesia - Indonesia - 1775,Indonesia,
G65,List of volcanic eruptions,"Lokon-Empung, 1775",Lokon-Empung - Sulawesi-Indonesia - Indonesia - 1775,Indonesia,
G65,List of volcanic eruptions,"Raikoke, 1778",Raikoke - Kuril Is - Russia - 1778,Russia,
G65,List of volcanic eruptions,"Vesuvius, 1779",Vesuvius - Italy - Italy - 1779,Italy,
G65,List of volcanic eruptions,"Aira, 1779",Aira - Kyushu-Japan - Japan - 1779,Japan,
G65,List of volcanic eruptions,"Aira, 1780",Aira - Kyushu-Japan - Japan - 1780,Japan,
G65,List of volcanic eruptions,"Aogashima, 1780",Aogashima - Izu Is-Japan - Japan - 1780,Japan,
G65,List of volcanic eruptions,"Aira, 1780",Aira - Kyushu-Japan - Japan - 1780,Japan,
G65,List of volcanic eruptions,"Aira, 1780",Aira - Kyushu-Japan - Japan - 1780,Japan,
G65,List of volcanic eruptions,"Aira, 1781",Aira - Kyushu-Japan - Japan - 1781,Japan,
G65,List of volcanic eruptions,"Aogashima, 1783",Aogashima - Izu Is-Japan - Japan - 1783,Japan,
G65,List of volcanic eruptions,"Asamayama, 1783",Asamayama - Honshu-Japan - Japan - 1783,Japan,
G65,List of volcanic eruptions,"Grimsvotn, 1784",Grimsvotn - Iceland-NE - Iceland - 1784,Iceland,
G65,List of volcanic eruptions,"Coropuna, 1784",Coropuna - Peru - Peru - 1784,Peru,
G65,List of volcanic eruptions,"Hualalai, 1784",Hualalai - Hawaiian Is - United States - 1784,United States,
G65,List of volcanic eruptions,"Aogashima, 1785",Aogashima - Izu Is-Japan - Japan - 1785,Japan,
G65,List of volcanic eruptions,"Dieng Volcanic Complex, 1786",Dieng Volcanic Complex - Java - Indonesia - 1786,Indonesia,
G65,List of volcanic eruptions,"Izu-Oshima, 1789",Izu-Oshima - Izu Is-Japan - Japan - 1789,Japan,
G65,List of volcanic eruptions,"Kilauea, 1790",Kilauea - Hawaiian Is - United States - 1790,United States,
G65,List of volcanic eruptions,"Unzendake, 1792",Unzendake - Kyushu-Japan - Japan - 1792,Japan,
G65,List of volcanic eruptions,"Vesuvius, 1794",Vesuvius - Italy - Italy - 1794,Italy,
G65,List of volcanic eruptions,"Aira, 1797",Aira - Kyushu-Japan - Japan - 1797,Japan,
G65,List of volcanic eruptions,"Guntur, 1800",Guntur - Java - Indonesia - 1800,Indonesia,
G65,List of volcanic eruptions,"Mayon, 1800",Mayon - Luzon-Philippines - Philippines - 1800,Philippines,
G65,List of volcanic eruptions,"St. Helens, 1800",St. Helens - US-Washington - United States - 1800,United States,
G65,List of volcanic eruptions,"Hualalai, 1800",Hualalai - Hawaiian Is - United States - 1800,United States,
G65,List of volcanic eruptions,"Kyejo, 1800",Kyejo - Africa-E - Tanzania - 1800,Tanzania,
G65,List of volcanic eruptions,"Chokaisan, 1801",Chokaisan - Honshu-Japan - Japan - 1801,Japan,
G65,List of volcanic eruptions,"Asamayama, 1803",Asamayama - Honshu-Japan - Japan - 1803,Japan,
G65,List of volcanic eruptions,"Asamayama, 1803",Asamayama - Honshu-Japan - Japan - 1803,Japan,
G65,List of volcanic eruptions,"Shikotsu, 1804",Shikotsu - Hokkaido-Japan - Japan - 1804,Japan,
G65,List of volcanic eruptions,"Vesuvius, 1805",Vesuvius - Italy - Italy - 1805,Italy,
G65,List of volcanic eruptions,"Sao Jorge, 1808",Sao Jorge - Azores - Portugal - 1808,Portugal,
G65,List of volcanic eruptions,"Soufriere St. Vincent, 1812",Soufriere St. Vincent - W Indies - St. Vincent & the Grenadines - 1812,St. Vincent & the Grenadines,
G65,List of volcanic eruptions,"Awu, 1812",Awu - Sangihe Is-Indonesia - Indonesia - 1812,Indonesia,
G65,List of volcanic eruptions,"Vesuvius, 1813",Vesuvius - Italy - Italy - 1813,Italy,
G65,List of volcanic eruptions,"Mayon, 1814",Mayon - Luzon-Philippines - Philippines - 1814,Philippines,
G65,List of volcanic eruptions,"Tambora, 1815",Tambora - Lesser Sunda Is - Indonesia - 1815,Indonesia,
G65,List of volcanic eruptions,"Asosan, 1816",Asosan - Kyushu-Japan - Japan - 1816,Japan,
G65,List of volcanic eruptions,"Ijen, 1817",Ijen - Java - Indonesia - 1817,Indonesia,
G65,List of volcanic eruptions,"Raung, 1817",Raung - Java - Indonesia - 1817,Indonesia,
G65,List of volcanic eruptions,"Colima, 1818",Colima - Mexico - Mexico - 1818,Mexico,
G65,List of volcanic eruptions,"Asuncion, 1819",Asuncion - Mariana Is-C Pacific - United States - 1819,United States,
G65,List of volcanic eruptions,"Westdahl, 1820",Westdahl - Aleutian Is - United States - 1820,United States,
G65,List of volcanic eruptions,"Banda Api, 1820",Banda Api - Banda Sea - Pacific Ocean - 1820,,
G65,List of volcanic eruptions,"Toya, 1822",Toya - Hokkaido-Japan - Japan - 1822,Japan,
G65,List of volcanic eruptions,"Galunggung, 1822",Galunggung - Java - Indonesia - 1822,Indonesia,
G65,List of volcanic eruptions,"Merapi, 1822",Merapi - Java - Indonesia - 1822,Indonesia,
G65,List of volcanic eruptions,"Kilauea, 1823",Kilauea - Hawaiian Is - United States - 1823,United States,
G65,List of volcanic eruptions,"Shishaldin, 1825",Shishaldin - Aleutian Is - United States - 1825,United States,
G65,List of volcanic eruptions,"Balbi, 1825",Balbi - Bougainville-SW Paci - Papua New Guinea - 1825,Papua New Guinea,
G65,List of volcanic eruptions,"Kelud, 1826",Kelud - Java - Indonesia - 1826,Indonesia,
G65,List of volcanic eruptions,"Dieng Volcanic Complex, 1826",Dieng Volcanic Complex - Java - Indonesia - 1826,Indonesia,
G65,List of volcanic eruptions,"Asosan, 1826",Asosan - Kyushu-Japan - Japan - 1826,Japan,
G65,List of volcanic eruptions,"Avachinsky, 1827",Avachinsky - Kamchatka - Russia - 1827,Russia,
G65,List of volcanic eruptions,"Avachinsky, 1827",Avachinsky - Kamchatka - Russia - 1827,Russia,
G65,List of volcanic eruptions,"Guntur, 1829",Guntur - Java - Indonesia - 1829,Indonesia,
G65,List of volcanic eruptions,"Etna, 1832",Etna - Italy - Italy - 1832,Italy,
G65,List of volcanic eruptions,"Merapi, 1832",Merapi - Java - Indonesia - 1832,Indonesia,
G65,List of volcanic eruptions,"Kaba, 1833",Kaba - Sumatra - Indonesia - 1833,Indonesia,
G65,List of volcanic eruptions,"Cosiguina, 1835",Cosiguina - Nicaragua - Nicaragua - 1835,Nicaragua,
G65,List of volcanic eruptions,"Banda Api, 1835",Banda Api - Banda Sea - Pacific Ocean - 1835,,
G65,List of volcanic eruptions,"Peuet Sague, 1837",Peuet Sague - Sumatra - Indonesia - 1837,Indonesia,
G65,List of volcanic eruptions,"Gamalama, 1838",Gamalama - Halmahera-Indonesia - Indonesia - 1838,Indonesia,
G65,List of volcanic eruptions,"Unnamed, 1839",Unnamed - Chile-Is - Chile - 1839,Chile,
G65,List of volcanic eruptions,"Gamalama, 1840",Gamalama - Halmahera-Indonesia - Indonesia - 1840,Indonesia,
G65,List of volcanic eruptions,"Kilauea, 1840",Kilauea - Hawaiian Is - United States - 1840,United States,
G65,List of volcanic eruptions,"Ararat, 1840",Ararat - Turkey - Turkey - 1840,Turkey,
G65,List of volcanic eruptions,"Savo, 1840",Savo - Solomon Is-SW Pacifi - Solomon Is. - 1840,Solomon Islands,
G65,List of volcanic eruptions,"Tinakula, 1840",Tinakula - Santa Cruz Is-SW Pac - Solomon Is. - 1840,Solomon Islands,
G65,List of volcanic eruptions,"Kuchinoerabujima, 1841",Kuchinoerabujima - Ryukyu Is - Japan - 1841,Japan,
G65,List of volcanic eruptions,"Liamuiga, 1843",Liamuiga - W Indies - St. Kitts & Nevis - 1843,St. Kitts & Nevis,
G65,List of volcanic eruptions,"Soufriere Guadeloupe, 1843",Soufriere Guadeloupe - W Indies - Guadeloupe - 1843,Guadeloupe,France
G65,List of volcanic eruptions,"Lamongan, 1843",Lamongan - Java - Indonesia - 1843,Indonesia,
G65,List of volcanic eruptions,"Etna, 1843",Etna - Italy - Italy - 1843,Italy,
G65,List of volcanic eruptions,"Soputan, 1845",Soputan - Sulawesi-Indonesia - Indonesia - 1845,Indonesia,
G65,List of volcanic eruptions,"Ruiz, Nevado del, 1845","Ruiz, Nevado del - Colombia - Colombia - 1845",Colombia,
G65,List of volcanic eruptions,"Hekla, 1845",Hekla - Iceland-S - Iceland - 1845,Iceland,
G65,List of volcanic eruptions,"Taupo, 1846",Taupo - New Zealand - New Zealand - 1846,New Zealand,
G65,List of volcanic eruptions,"Tangkuban Parahu, 1846",Tangkuban Parahu - Java - Indonesia - 1846,Indonesia,
G65,List of volcanic eruptions,"Esan, 1846",Esan - Hokkaido-Japan - Japan - 1846,Japan,
G65,List of volcanic eruptions,"Fogo, 1847",Fogo - Cape Verde Is - Cape Verde - 1847,Cape Verde,
G65,List of volcanic eruptions,"Dieng Volcanic Complex, 1847",Dieng Volcanic Complex - Java - Indonesia - 1847,Indonesia,
G65,List of volcanic eruptions,"Kelud, 1848",Kelud - Java - Indonesia - 1848,Indonesia,
G65,List of volcanic eruptions,"Rabaul, 1850",Rabaul - New Britain-SW Pac - Papua New Guinea - 1850,Papua New Guinea,
G65,List of volcanic eruptions,"Niuafo'ou, 1853",Niuafo'ou - Tonga-SW Pacific - Tonga - 1853,Tonga,
G65,List of volcanic eruptions,"Mayon, 1853",Mayon - Luzon-Philippines - Philippines - 1853,Philippines,
G65,List of volcanic eruptions,"Unnamed, 1853",Unnamed - Taiwan-E of - Taiwan - 1853,Taiwan,
G65,List of volcanic eruptions,"Sheveluch, 1854",Sheveluch - Kamchatka - Russia - 1854,Russia,
G65,List of volcanic eruptions,"Asosan, 1854",Asosan - Kyushu-Japan - Japan - 1854,Japan,
G65,List of volcanic eruptions,"Alaid, 1854",Alaid - Kuril Is - Russia - 1854,Russia,
G65,List of volcanic eruptions,"Awu, 1856",Awu - Sangihe Is-Indonesia - Indonesia - 1856,Indonesia,
G65,List of volcanic eruptions,"Shishaldin, 1856",Shishaldin - Aleutian Is - United States - 1856,United States,
G65,List of volcanic eruptions,"Hokkaido-Komagatake, 1856",Hokkaido-Komagatake - Hokkaido-Japan - Japan - 1856,Japan,
G65,List of volcanic eruptions,"Umboi, 1857",Umboi - New Guinea-NE of - Papua New Guinea - 1857,Papua New Guinea,
G65,List of volcanic eruptions,"Mayon, 1858",Mayon - Luzon-Philippines - Philippines - 1858,Philippines,
G65,List of volcanic eruptions,"Midagahara, 1858",Midagahara - Honshu-Japan - Japan - 1858,Japan,
G65,List of volcanic eruptions,"Midagahara, 1858",Midagahara - Honshu-Japan - Japan - 1858,Japan,
G65,List of volcanic eruptions,"Semeru, 1860",Semeru - Java - Indonesia - 1860,Indonesia,
G65,List of volcanic eruptions,"Fuego, 1860",Fuego - Guatemala - Guatemala - 1860,Guatemala,
G65,List of volcanic eruptions,"Grimsvotn, 1860",Grimsvotn - Iceland-NE - Iceland - 1860,Iceland,
G65,List of volcanic eruptions,"Dubbi, 1861",Dubbi - Africa-NE - Eritrea - 1861,Eritrea,
G65,List of volcanic eruptions,"Grimsvotn, 1861",Grimsvotn - Iceland-NE - Iceland - 1861,Iceland,
G65,List of volcanic eruptions,"Kie Besi, 1861",Kie Besi - Halmahera-Indonesia - Indonesia - 1861,Indonesia,
G65,List of volcanic eruptions,"Yasur, 1863",Yasur - Vanuatu-SW Pacific - Vanuatu - 1863,Vanuatu,
G65,List of volcanic eruptions,"Kelud, 1864",Kelud - Java - Indonesia - 1864,Indonesia,
G65,List of volcanic eruptions,"Santorini, 1866",Santorini - Greece - Greece - 1866,Greece,
G65,List of volcanic eruptions,"Ofu-Olosega, 1866",Ofu-Olosega - Samoa-SW Pacific - United States - 1866,United States,
G65,List of volcanic eruptions,"Zaozan [Zaosan], 1867",Zaozan [Zaosan] - Honshu-Japan - Japan - 1867,Japan,
G65,List of volcanic eruptions,"Mauna Loa, 1868",Mauna Loa - Hawaiian Is - United States - 1868,United States,
G65,List of volcanic eruptions,"Etna, 1868",Etna - Italy - Italy - 1868,Italy,
G65,List of volcanic eruptions,"Lewotobi, 1869",Lewotobi - Lesser Sunda Is - Indonesia - 1869,Indonesia,
G65,List of volcanic eruptions,"Lamongan, 1869",Lamongan - Java - Indonesia - 1869,Indonesia,
G65,List of volcanic eruptions,"Ruang, 1870",Ruang - Sangihe Is-Indonesia - Indonesia - 1870,Indonesia,
G65,List of volcanic eruptions,"Ambae, 1870",Ambae - Vanuatu-SW Pacific - Vanuatu - 1870,Vanuatu,
G65,List of volcanic eruptions,"Iliwerung, 1870",Iliwerung - Lesser Sunda Is - Indonesia - 1870,Indonesia,
G65,List of volcanic eruptions,"Ruang, 1871",Ruang - Sangihe Is-Indonesia - Indonesia - 1871,Indonesia,
G65,List of volcanic eruptions,"Camiguin, 1871",Camiguin - Mindanao-Philippines - Philippines - 1871,Philippines,
G65,List of volcanic eruptions,"Gamalama, 1871",Gamalama - Halmahera-Indonesia - Indonesia - 1871,Indonesia,
G65,List of volcanic eruptions,"Mayon, 1871",Mayon - Luzon-Philippines - Philippines - 1871,Philippines,
G65,List of volcanic eruptions,"Merapi, 1872",Merapi - Java - Indonesia - 1872,Indonesia,
G65,List of volcanic eruptions,"Merapi, 1872",Merapi - Java - Indonesia - 1872,Indonesia,
G65,List of volcanic eruptions,"Vesuvius, 1872",Vesuvius - Italy - Italy - 1872,Italy,
G65,List of volcanic eruptions,"Merapi, 1872",Merapi - Java - Indonesia - 1872,Indonesia,
G65,List of volcanic eruptions,"Asosan, 1872",Asosan - Kyushu-Japan - Japan - 1872,Japan,
G65,List of volcanic eruptions,"Sinarka, 1872",Sinarka - Kuril Is - Russia - 1872,Russia,
G65,List of volcanic eruptions,"Ragang, 1873",Ragang - Mindanao-Philippines - Philippines - 1873,Philippines,
G65,List of volcanic eruptions,"Vesuvius, 1873",Vesuvius - Italy - Italy - 1873,Italy,
G65,List of volcanic eruptions,"Miyakejima, 1874",Miyakejima - Izu Is-Japan - Japan - 1874,Japan,
G65,List of volcanic eruptions,"Taal, 1874",Taal - Luzon-Philippines - Philippines - 1874,Philippines,
G65,List of volcanic eruptions,"Kelud, 1875",Kelud - Java - Indonesia - 1875,Indonesia,
G65,List of volcanic eruptions,"Askja, 1875",Askja - Iceland-NE - Iceland - 1875,Iceland,
G65,List of volcanic eruptions,"Mayon, 1875",Mayon - Luzon-Philippines - Philippines - 1875,Philippines,
G65,List of volcanic eruptions,"Mauna Loa, 1877",Mauna Loa - Hawaiian Is - United States - 1877,United States,
G65,List of volcanic eruptions,"Cotopaxi, 1877",Cotopaxi - Ecuador - Ecuador - 1877,Ecuador,
G65,List of volcanic eruptions,"Yasur, 1878",Yasur - Vanuatu-SW Pacific - Vanuatu - 1878,Vanuatu,
G65,List of volcanic eruptions,"Rabaul, 1878",Rabaul - New Britain-SW Pac - Papua New Guinea - 1878,Papua New Guinea,
G65,List of volcanic eruptions,"Yasur, 1878",Yasur - Vanuatu-SW Pacific - Vanuatu - 1878,Vanuatu,
G65,List of volcanic eruptions,"Okmok, 1878",Okmok - Aleutian Is - United States - 1878,United States,
G65,List of volcanic eruptions,"Stromboli, 1879",Stromboli - Italy - Italy - 1879,Italy,
G65,List of volcanic eruptions,"Karthala, 1883",Karthala - Indian O-W - Comoros - 1883,Comoros,
G65,List of volcanic eruptions,"Krakatau, 1883",Krakatau - Indonesia - Indonesia - 1883,Indonesia,
G65,List of volcanic eruptions,"Augustine, 1883",Augustine - Alaska-SW - United States - 1883,United States,
G65,List of volcanic eruptions,"Krakatau, 1883",Krakatau - Indonesia - Indonesia - 1883,Indonesia,
G65,List of volcanic eruptions,"Bagana, 1883",Bagana - Bougainville-SW Paci - Papua New Guinea - 1883,Papua New Guinea,
G65,List of volcanic eruptions,"Krakatau, 1884",Krakatau - Indonesia - Indonesia - 1884,Indonesia,
G65,List of volcanic eruptions,"Semeru, 1885",Semeru - Java - Indonesia - 1885,Indonesia,
G65,List of volcanic eruptions,"Purace, 1885",Purace - Colombia - Colombia - 1885,Colombia,
G65,List of volcanic eruptions,"Tungurahua, 1886",Tungurahua - Ecuador - Ecuador - 1886,Ecuador,
G65,List of volcanic eruptions,"Okataina, 1886",Okataina - New Zealand - New Zealand - 1886,New Zealand,
G65,List of volcanic eruptions,"Niuafo'ou, 1886",Niuafo'ou - Tonga-SW Pacific - Tonga - 1886,Tonga,
G65,List of volcanic eruptions,"Mayon, 1887",Mayon - Luzon-Philippines - Philippines - 1887,Philippines,
G65,List of volcanic eruptions,"Ritter Island, 1888",Ritter Island - New Guinea-NE of - Papua New Guinea - 1888,Papua New Guinea,
G65,List of volcanic eruptions,"Bandaisan, 1888",Bandaisan - Honshu-Japan - Japan - 1888,Japan,
G65,List of volcanic eruptions,"Banua Wuhu, 1889",Banua Wuhu - Sangihe Is-Indonesia - Indonesia - 1889,Indonesia,
G65,List of volcanic eruptions,"Kie Besi, 1890",Kie Besi - Halmahera-Indonesia - Indonesia - 1890,Indonesia,
G65,List of volcanic eruptions,"Victory, 1890",Victory - New Guinea - Papua New Guinea - 1890,Papua New Guinea,
G65,List of volcanic eruptions,"Sorikmarapi, 1892",Sorikmarapi - Sumatra - Indonesia - 1892,Indonesia,
G65,List of volcanic eruptions,"Awu, 1892",Awu - Sangihe Is-Indonesia - Indonesia - 1892,Indonesia,
G65,List of volcanic eruptions,"Tofua, 1892",Tofua - Tonga-SW Pacific - Tonga - 1892,Tonga,
G65,List of volcanic eruptions,"Calbuco, 1893",Calbuco - Chile-S - Chile - 1893,Chile,
G65,List of volcanic eruptions,"Azumayama, 1893",Azumayama - Honshu-Japan - Japan - 1893,Japan,
G65,List of volcanic eruptions,"Ambrym, 1894",Ambrym - Vanuatu-SW Pacific - Vanuatu - 1894,Vanuatu,
G65,List of volcanic eruptions,"Semeru, 1895",Semeru - Java - Indonesia - 1895,Indonesia,
G65,List of volcanic eruptions,"Karkar, 1895",Karkar - New Guinea-NE of - Papua New Guinea - 1895,Papua New Guinea,
G65,List of volcanic eruptions,"Kirishimayama, 1895",Kirishimayama - Kyushu-Japan - Japan - 1895,Japan,
G65,List of volcanic eruptions,"Dakataua, 1895",Dakataua - New Britain-SW Pac - Papua New Guinea - 1895,Papua New Guinea,
G65,List of volcanic eruptions,"Kirishimayama, 1896",Kirishimayama - Kyushu-Japan - Japan - 1896,Japan,
G65,List of volcanic eruptions,"Tinakula, 1897",Tinakula - Santa Cruz Is-SW Pac - Solomon Is. - 1897,Solomon Islands,
G65,List of volcanic eruptions,"Mayon, 1897",Mayon - Luzon-Philippines - Philippines - 1897,Philippines,
G65,List of volcanic eruptions,"Dona Juana, 1899",Dona Juana - Colombia - Colombia - 1899,Colombia,
G65,List of volcanic eruptions,"Manam, 1899",Manam - New Guinea-NE of - Papua New Guinea - 1899,Papua New Guinea,
G65,List of volcanic eruptions,"Asamayama, 1900",Asamayama - Honshu-Japan - Japan - 1900,Japan,
G65,List of volcanic eruptions,"Kirishimayama, 1900",Kirishimayama - Kyushu-Japan - Japan - 1900,Japan,
G65,List of volcanic eruptions,"Adatarayama, 1900",Adatarayama - Honshu-Japan - Japan - 1900,Japan,
G65,List of volcanic eruptions,"Tullu Moye, 1900",Tullu Moye - Africa-NE - Ethiopia - 1900,Ethiopia,
G65,List of volcanic eruptions,"Kelud, 1901",Kelud - Java - Indonesia - 1901,Indonesia,
G65,List of volcanic eruptions,"Epi, 1901",Epi - Vanuatu-SW Pacific - Vanuatu - 1901,Vanuatu,
G65,List of volcanic eruptions,"Pelee, 1902",Pelee - W Indies - Martinique - 1902,Martinique,
G65,List of volcanic eruptions,"Soufriere St. Vincent, 1902",Soufriere St. Vincent - W Indies - St. Vincent & the Grenadines - 1902,St. Vincent & the Grenadines,
G65,List of volcanic eruptions,"Pelee, 1902",Pelee - W Indies - Martinique - 1902,Martinique,
G65,List of volcanic eruptions,"Pelee, 1902",Pelee - W Indies - Martinique - 1902,Martinique,
G65,List of volcanic eruptions,"Izu-Torishima, 1902",Izu-Torishima - Izu Is-Japan - Japan - 1902,Japan,
G65,List of volcanic eruptions,"Pelee, 1902",Pelee - W Indies - Martinique - 1902,Martinique,
G65,List of volcanic eruptions,"Santa Maria, 1902",Santa Maria - Guatemala - Guatemala - 1902,Guatemala,
G65,List of volcanic eruptions,"Merapi, 1902",Merapi - Java - Indonesia - 1902,Indonesia,
G65,List of volcanic eruptions,"Okataina, 1903",Okataina - New Zealand - New Zealand - 1903,New Zealand,
G65,List of volcanic eruptions,"Karthala, 1903",Karthala - Indian O-W - Comoros - 1903,Comoros,
G65,List of volcanic eruptions,"Karthala, 1904",Karthala - Indian O-W - Comoros - 1904,Comoros,
G65,List of volcanic eruptions,"Vesuvius, 1905",Vesuvius - Italy - Italy - 1905,Italy,
G65,List of volcanic eruptions,"Savai'i, 1905",Savai'i - Samoa-SW Pacific - Samoa - 1905,Samoa,
G65,List of volcanic eruptions,"Vesuvius, 1906",Vesuvius - Italy - Italy - 1906,Italy,
G65,List of volcanic eruptions,"Savai'i, 1906",Savai'i - Samoa-SW Pacific - Samoa - 1906,Samoa,
G65,List of volcanic eruptions,"Savai'i, 1907",Savai'i - Samoa-SW Pacific - Samoa - 1907,Samoa,
G65,List of volcanic eruptions,"Savai'i, 1907",Savai'i - Samoa-SW Pacific - Samoa - 1907,Samoa,
G65,List of volcanic eruptions,"Savai'i, 1907",Savai'i - Samoa-SW Pacific - Samoa - 1907,Samoa,
G65,List of volcanic eruptions,"Savai'i, 1907",Savai'i - Samoa-SW Pacific - Samoa - 1907,Samoa,
G65,List of volcanic eruptions,"Savai'i, 1907",Savai'i - Samoa-SW Pacific - Samoa - 1907,Samoa,
G65,List of volcanic eruptions,"Unnamed, 1907",Unnamed - Tonga-SW Pacific - Tonga - 1907,Tonga,
G65,List of volcanic eruptions,"Alayta, 1907",Alayta - Africa-NE - Ethiopia - 1907,Ethiopia,
G65,List of volcanic eruptions,"Lewotobi, 1907",Lewotobi - Lesser Sunda Is - Indonesia - 1907,Indonesia,
G65,List of volcanic eruptions,"Savai'i, 1907",Savai'i - Samoa-SW Pacific - Samoa - 1907,Samoa,
G65,List of volcanic eruptions,"Cameroon, 1909",Cameroon - Africa-W - Cameroon - 1909,Cameroon,
G65,List of volcanic eruptions,"Semeru, 1909",Semeru - Java - Indonesia - 1909,Indonesia,
G65,List of volcanic eruptions,"Taupo, 1910",Taupo - New Zealand - New Zealand - 1910,New Zealand,
G65,List of volcanic eruptions,"Toya, 1910",Toya - Hokkaido-Japan - Japan - 1910,Japan,
G65,List of volcanic eruptions,"Taal, 1911",Taal - Luzon-Philippines - Philippines - 1911,Philippines,
G65,List of volcanic eruptions,"Asamayama, 1911",Asamayama - Honshu-Japan - Japan - 1911,Japan,
G65,List of volcanic eruptions,"Asamayama, 1911",Asamayama - Honshu-Japan - Japan - 1911,Japan,
G65,List of volcanic eruptions,"Piparo, 1911",Piparo - Trinidad - Trinidad - 1911,Trinidad,
G65,List of volcanic eruptions,"Semeru, 1911",Semeru - Java - Indonesia - 1911,Indonesia,
G65,List of volcanic eruptions,"Novarupta, 1912",Novarupta - Alaska Peninsula - United States - 1912,United States,
G65,List of volcanic eruptions,"Nyamulagira, 1912","Nyamulagira - Africa-C - Congo, DRC - 1912",Democratic Republic of the Congo,
G65,List of volcanic eruptions,"Colima, 1913",Colima - Mexico - Mexico - 1913,Mexico,
G65,List of volcanic eruptions,"Awu, 1913",Awu - Sangihe Is-Indonesia - Indonesia - 1913,Indonesia,
G65,List of volcanic eruptions,"Asamayama, 1913",Asamayama - Honshu-Japan - Japan - 1913,Japan,
G65,List of volcanic eruptions,"Semeru, 1913",Semeru - Java - Indonesia - 1913,Indonesia,
G65,List of volcanic eruptions,"Ambrym, 1913",Ambrym - Vanuatu-SW Pacific - Vanuatu - 1913,Vanuatu,
G65,List of volcanic eruptions,"Aira, 1914",Aira - Kyushu-Japan - Japan - 1914,Japan,
G65,List of volcanic eruptions,"Witori, 1914",Witori - New Britain-SW Pac - Papua New Guinea - 1914,Papua New Guinea,
G65,List of volcanic eruptions,"Whakaari/White Island, 1914",Whakaari/White Island - New Zealand - New Zealand - 1914,New Zealand,
G65,List of volcanic eruptions,"Ambae, 1914",Ambae - Vanuatu-SW Pacific - Vanuatu - 1914,Vanuatu,
G65,List of volcanic eruptions,"Tungurahua, 1916",Tungurahua - Ecuador - Ecuador - 1916,Ecuador,
G65,List of volcanic eruptions,"Stromboli, 1916",Stromboli - Italy - Italy - 1916,Italy,
G65,List of volcanic eruptions,"Lengai, Ol Doinyo, 1917","Lengai, Ol Doinyo - Africa-E - Tanzania - 1917",Tanzania,
G65,List of volcanic eruptions,"Okataina, 1917",Okataina - New Zealand - New Zealand - 1917,New Zealand,
G65,List of volcanic eruptions,"Calbuco, 1917",Calbuco - Chile-S - Chile - 1917,Chile,
G65,List of volcanic eruptions,"San Salvador, 1917",San Salvador - El Salvador - El Salvador - 1917,El Salvador,
G65,List of volcanic eruptions,"Banua Wuhu, 1918",Banua Wuhu - Sangihe Is-Indonesia - Indonesia - 1918,Indonesia,
G65,List of volcanic eruptions,"Katla, 1918",Katla - Iceland-S - Iceland - 1918,Iceland,
G65,List of volcanic eruptions,"Popocatepetl, 1919",Popocatepetl - Mexico - Mexico - 1919,Mexico,
G65,List of volcanic eruptions,"Banua Wuhu, 1919",Banua Wuhu - Sangihe Is-Indonesia - Indonesia - 1919,Indonesia,
G65,List of volcanic eruptions,"Kelud, 1919",Kelud - Java - Indonesia - 1919,Indonesia,
G65,List of volcanic eruptions,"Stromboli, 1919",Stromboli - Italy - Italy - 1919,Italy,
G65,List of volcanic eruptions,"Nasudake, 1919",Nasudake - Honshu-Japan - Japan - 1919,Japan,
G65,List of volcanic eruptions,"Mauna Loa, 1919",Mauna Loa - Hawaiian Is - United States - 1919,United States,
G65,List of volcanic eruptions,"Merapi, 1920",Merapi - Java - Indonesia - 1920,Indonesia,
G65,List of volcanic eruptions,"Izalco, 1920",Izalco - El Salvador - El Salvador - 1920,El Salvador,
G65,List of volcanic eruptions,"Nasudake, 1921",Nasudake - Honshu-Japan - Japan - 1921,Japan,
G65,List of volcanic eruptions,"Cendres, Ile des, 1923","Cendres, Ile des - SE Asia - Vietnam - 1923",Vietnam,
G65,List of volcanic eruptions,"Papandayan, 1923",Papandayan - Java - Indonesia - 1923,Indonesia,
G65,List of volcanic eruptions,"Tangkuban Parahu, 1923",Tangkuban Parahu - Java - Indonesia - 1923,Indonesia,
G65,List of volcanic eruptions,"Kirishimayama, 1923",Kirishimayama - Kyushu-Japan - Japan - 1923,Japan,
G65,List of volcanic eruptions,"Kilauea, 1924",Kilauea - Hawaiian Is - United States - 1924,United States,
G65,List of volcanic eruptions,"Tokachidake, 1926",Tokachidake - Hokkaido-Japan - Japan - 1926,Japan,
G65,List of volcanic eruptions,"Tokachidake, 1926",Tokachidake - Hokkaido-Japan - Japan - 1926,Japan,
G65,List of volcanic eruptions,"Esjufjoll, 1927",Esjufjoll - Iceland-SE - Iceland - 1927,Iceland,
G65,List of volcanic eruptions,"Santorini, 1928",Santorini - Greece - Greece - 1928,Greece,
G65,List of volcanic eruptions,"Mayon, 1928",Mayon - Luzon-Philippines - Philippines - 1928,Philippines,
G65,List of volcanic eruptions,"Krakatau, 1928",Krakatau - Indonesia - Indonesia - 1928,Indonesia,
G65,List of volcanic eruptions,"Dieng Volcanic Complex, 1928",Dieng Volcanic Complex - Java - Indonesia - 1928,Indonesia,
G65,List of volcanic eruptions,"Paluweh, 1928",Paluweh - Lesser Sunda Is - Indonesia - 1928,Indonesia,
G65,List of volcanic eruptions,"Etna, 1928",Etna - Italy - Italy - 1928,Italy,
G65,List of volcanic eruptions,"Calbuco, 1929",Calbuco - Chile-S - Chile - 1929,Chile,
G65,List of volcanic eruptions,"Hokkaido-Komagatake, 1929",Hokkaido-Komagatake - Hokkaido-Japan - Japan - 1929,Japan,
G65,List of volcanic eruptions,"Etna, 1929",Etna - Italy - Italy - 1929,Italy,
G65,List of volcanic eruptions,"Santa Maria, 1929",Santa Maria - Guatemala - Guatemala - 1929,Guatemala,
G65,List of volcanic eruptions,"Krakatau, 1930",Krakatau - Indonesia - Indonesia - 1930,Indonesia,
G65,List of volcanic eruptions,"Asamayama, 1930",Asamayama - Honshu-Japan - Japan - 1930,Japan,
G65,List of volcanic eruptions,"Stromboli, 1930",Stromboli - Italy - Italy - 1930,Italy,
G65,List of volcanic eruptions,"Merapi, 1930",Merapi - Java - Indonesia - 1930,Indonesia,
G65,List of volcanic eruptions,"Asamayama, 1931",Asamayama - Honshu-Japan - Japan - 1931,Japan,
G65,List of volcanic eruptions,"Fuego, 1932",Fuego - Guatemala - Guatemala - 1932,Guatemala,
G65,List of volcanic eruptions,"Merapi, 1932",Merapi - Java - Indonesia - 1932,Indonesia,
G65,List of volcanic eruptions,"Kusatsu-Shiranesan, 1932",Kusatsu-Shiranesan - Honshu-Japan - Japan - 1932,Japan,
G65,List of volcanic eruptions,"Kharimkotan, 1933",Kharimkotan - Kuril Is - Russia - 1933,Russia,
G65,List of volcanic eruptions,"Hakoneyama, 1933",Hakoneyama - Honshu-Japan - Japan - 1933,Japan,
G65,List of volcanic eruptions,"Kuchinoerabujima, 1933",Kuchinoerabujima - Ryukyu Is - Japan - 1933,Japan,
G65,List of volcanic eruptions,"Bulusan, 1933",Bulusan - Luzon-Philippines - Philippines - 1933,Philippines,
G65,List of volcanic eruptions,"Hood, 1934",Hood - US-Oregon - United States - 1934,United States,
G65,List of volcanic eruptions,"Asamayama, 1936",Asamayama - Honshu-Japan - Japan - 1936,Japan,
G65,List of volcanic eruptions,"Dona Juana, 1936",Dona Juana - Colombia - Colombia - 1936,Colombia,
G65,List of volcanic eruptions,"Llaima, 1937",Llaima - Chile-C - Chile - 1937,Chile,
G65,List of volcanic eruptions,"Rabaul, 1937",Rabaul - New Britain-SW Pac - Papua New Guinea - 1937,Papua New Guinea,
G65,List of volcanic eruptions,"Nyamulagira, 1938","Nyamulagira - Africa-C - Congo, DRC - 1938",Democratic Republic of the Congo,
G65,List of volcanic eruptions,"Bandaisan, 1938",Bandaisan - Honshu-Japan - Japan - 1938,Japan,
G65,List of volcanic eruptions,"Mayon, 1938",Mayon - Luzon-Philippines - Philippines - 1938,Philippines,
G65,List of volcanic eruptions,"Asamayama, 1938",Asamayama - Honshu-Japan - Japan - 1938,Japan,
G65,List of volcanic eruptions,"Kick 'em Jenny, 1939",Kick 'em Jenny - W Indies - Netherlands - 1939,Netherlands,
G65,List of volcanic eruptions,"Izu-Torishima, 1939",Izu-Torishima - Izu Is-Japan - Japan - 1939,Japan,
G65,List of volcanic eruptions,"Dieng Volcanic Complex, 1939",Dieng Volcanic Complex - Java - Indonesia - 1939,Indonesia,
G65,List of volcanic eruptions,"Karangetang, 1940",Karangetang - Sangihe Is-Indonesia - Indonesia - 1940,Indonesia,
G65,List of volcanic eruptions,"Miyakejima, 1940",Miyakejima - Izu Is-Japan - Japan - 1940,Japan,
G65,List of volcanic eruptions,"Lengai, Ol Doinyo, 1940","Lengai, Ol Doinyo - Africa-E - Tanzania - 1940",Tanzania,
G65,List of volcanic eruptions,"Asamayama, 1941",Asamayama - Honshu-Japan - Japan - 1941,Japan,
G65,List of volcanic eruptions,"Semeru, 1941",Semeru - Java - Indonesia - 1941,Indonesia,
G65,List of volcanic eruptions,"Michoacan-Guanajuato, 1943",Michoacan-Guanajuato - Mexico - Mexico - 1943,Mexico,
G65,List of volcanic eruptions,"Azul, Cerro, 1943","Azul, Cerro - Galapagos - Ecuador - 1943",Ecuador,
G65,List of volcanic eruptions,"Vesuvius, 1944",Vesuvius - Italy - Italy - 1944,Italy,
G65,List of volcanic eruptions,"Cleveland, 1944",Cleveland - Aleutian Is - United States - 1944,United States,
G65,List of volcanic eruptions,"Toya, 1944",Toya - Hokkaido-Japan - Japan - 1944,Japan,
G65,List of volcanic eruptions,"Stromboli, 1944",Stromboli - Italy - Italy - 1944,Italy,
G65,List of volcanic eruptions,"Toya, 1944",Toya - Hokkaido-Japan - Japan - 1944,Japan,
G65,List of volcanic eruptions,"Dieng Volcanic Complex, 1944",Dieng Volcanic Complex - Java - Indonesia - 1944,Indonesia,
G65,List of volcanic eruptions,"Toya, 1944",Toya - Hokkaido-Japan - Japan - 1944,Japan,
G65,List of volcanic eruptions,"Aira, 1946",Aira - Kyushu-Japan - Japan - 1946,Japan,
G65,List of volcanic eruptions,"Semeru, 1946",Semeru - Java - Indonesia - 1946,Indonesia,
G65,List of volcanic eruptions,"Semeru, 1946",Semeru - Java - Indonesia - 1946,Indonesia,
G65,List of volcanic eruptions,"Sarychev Peak, 1946",Sarychev Peak - Kuril Is - Russia - 1946,Russia,
G65,List of volcanic eruptions,"Mayon, 1947",Mayon - Luzon-Philippines - Philippines - 1947,Philippines,
G65,List of volcanic eruptions,"Asamayama, 1947",Asamayama - Honshu-Japan - Japan - 1947,Japan,
G65,List of volcanic eruptions,"Akagisan, 1947",Akagisan - Honshu-Japan - Japan - 1947,Japan,
G65,List of volcanic eruptions,"Hekla, 1947",Hekla - Iceland-S - Iceland - 1947,Iceland,
G65,List of volcanic eruptions,"Iliwerung, 1948",Iliwerung - Lesser Sunda Is - Indonesia - 1948,Indonesia,
G65,List of volcanic eruptions,"Villarrica, 1949",Villarrica - Chile-C - Chile - 1949,Chile,
G65,List of volcanic eruptions,"Purace, 1949",Purace - Colombia - Colombia - 1949,Colombia,
G65,List of volcanic eruptions,"Camiguin, 1949",Camiguin - Mindanao-Philippines - Philippines - 1949,Philippines,
G65,List of volcanic eruptions,"Semeru, 1950",Semeru - Java - Indonesia - 1950,Indonesia,
G65,List of volcanic eruptions,"Camiguin, 1950",Camiguin - Mindanao-Philippines - Philippines - 1950,Philippines,
G65,List of volcanic eruptions,"Asamayama, 1950",Asamayama - Honshu-Japan - Japan - 1950,Japan,
G65,List of volcanic eruptions,"Lamington, 1951",Lamington - New Guinea - Papua New Guinea - 1951,Papua New Guinea,
G65,List of volcanic eruptions,"Cosiguina, 1951",Cosiguina - Nicaragua - Nicaragua - 1951,Nicaragua,
G65,List of volcanic eruptions,"Kelud, 1951",Kelud - Java - Indonesia - 1951,Indonesia,
G65,List of volcanic eruptions,"Hakoneyama, 1951",Hakoneyama - Honshu-Japan - Japan - 1951,Japan,
G65,List of volcanic eruptions,"Camiguin, 1951",Camiguin - Mindanao-Philippines - Philippines - 1951,Philippines,
G65,List of volcanic eruptions,"Kavachi, 1951",Kavachi - Solomon Is-SW Pacifi - Solomon Is. - 1951,Solomon Islands,
G65,List of volcanic eruptions,"Hakoneyama, 1952",Hakoneyama - Honshu-Japan - Japan - 1952,Japan,
G65,List of volcanic eruptions,"Kita-Bayonnaise, 1952",Kita-Bayonnaise - Izu Is-Japan - Japan - 1952,Japan,
G65,List of volcanic eruptions,"Kita-Bayonnaise, 1952",Kita-Bayonnaise - Izu Is-Japan - Japan - 1952,Japan,
G65,List of volcanic eruptions,"Kita-Bayonnaise, 1952",Kita-Bayonnaise - Izu Is-Japan - Japan - 1952,Japan,
G65,List of volcanic eruptions,"Kita-Bayonnaise, 1952",Kita-Bayonnaise - Izu Is-Japan - Japan - 1952,Japan,
G65,List of volcanic eruptions,"Ambalatungan Group, 1952",Ambalatungan Group - Luzon-Philippines - Philippines - 1952,Philippines,
G65,List of volcanic eruptions,"Kita-Bayonnaise, 1953",Kita-Bayonnaise - Izu Is-Japan - Japan - 1953,Japan,
G65,List of volcanic eruptions,"Merapi, 1953",Merapi - Java - Indonesia - 1953,Indonesia,
G65,List of volcanic eruptions,"Kita-Bayonnaise, 1953",Kita-Bayonnaise - Izu Is-Japan - Japan - 1953,Japan,
G65,List of volcanic eruptions,"Asosan, 1953",Asosan - Kyushu-Japan - Japan - 1953,Japan,
G65,List of volcanic eruptions,"St. Andrew Strait, 1953",St. Andrew Strait - Admiralty Is-SW Paci - Papua New Guinea - 1953,Papua New Guinea,
G65,List of volcanic eruptions,"Sirung, 1953",Sirung - Lesser Sunda Is - Indonesia - 1953,Indonesia,
G65,List of volcanic eruptions,"Hakoneyama, 1953",Hakoneyama - Honshu-Japan - Japan - 1953,Japan,
G65,List of volcanic eruptions,"Izu-Oshima, 1953",Izu-Oshima - Izu Is-Japan - Japan - 1953,Japan,
G65,List of volcanic eruptions,"Ruapehu, 1953",Ruapehu - New Zealand - New Zealand - 1953,New Zealand,
G65,List of volcanic eruptions,"Stromboli, 1954",Stromboli - Italy - Italy - 1954,Italy,
G65,List of volcanic eruptions,"Midagahara, 1954",Midagahara - Honshu-Japan - Japan - 1954,Japan,
G65,List of volcanic eruptions,"Bam, 1954",Bam - New Guinea-NE of - Papua New Guinea - 1954,Papua New Guinea,
G65,List of volcanic eruptions,"Camiguin, 1954",Camiguin - Mindanao-Philippines - Philippines - 1954,Philippines,
G65,List of volcanic eruptions,"Carran-Los Venados, 1955",Carran-Los Venados - Chile-C - Chile - 1955,Chile,
G65,List of volcanic eruptions,"Aira, 1955",Aira - Kyushu-Japan - Japan - 1955,Japan,
G65,List of volcanic eruptions,"Bezymianny, 1956",Bezymianny - Kamchatka - Russia - 1956,Russia,
G65,List of volcanic eruptions,"Vsevidof, 1957",Vsevidof - Aleutian Is - United States - 1957,United States,
G65,List of volcanic eruptions,"Unzendake, 1957",Unzendake - Kyushu-Japan - Japan - 1957,Japan,
G65,List of volcanic eruptions,"Izu-Oshima, 1957",Izu-Oshima - Izu Is-Japan - Japan - 1957,Japan,
G65,List of volcanic eruptions,"Asosan, 1957",Asosan - Kyushu-Japan - Japan - 1957,Japan,
G65,List of volcanic eruptions,"Mahawu, 1958",Mahawu - Sulawesi-Indonesia - Indonesia - 1958,Indonesia,
G65,List of volcanic eruptions,"Taisetsuzan, 1958",Taisetsuzan - Hokkaido-Japan - Japan - 1958,Japan,
G65,List of volcanic eruptions,"Kuwae, 1958",Kuwae - Vanuatu-SW Pacific - Vanuatu - 1958,Vanuatu,
G65,List of volcanic eruptions,"Puyehue-Cordon Caulle, 1960",Puyehue-Cordon Caulle - Chile-C - Chile - 1960,Chile,
G65,List of volcanic eruptions,"Calbuco, 1961",Calbuco - Chile-S - Chile - 1961,Chile,
G65,List of volcanic eruptions,"Midagahara, 1961",Midagahara - Honshu-Japan - Japan - 1961,Japan,
G65,List of volcanic eruptions,"Merapi, 1961",Merapi - Java - Indonesia - 1961,Indonesia,
G65,List of volcanic eruptions,"Taisetsuzan, 1961",Taisetsuzan - Hokkaido-Japan - Japan - 1961,Japan,
G65,List of volcanic eruptions,"Asamayama, 1961",Asamayama - Honshu-Japan - Japan - 1961,Japan,
G65,List of volcanic eruptions,"Tokachidake, 1962",Tokachidake - Hokkaido-Japan - Japan - 1962,Japan,
G65,List of volcanic eruptions,"Merapi, 1962",Merapi - Java - Indonesia - 1962,Indonesia,
G65,List of volcanic eruptions,"Gamalama, 1962",Gamalama - Halmahera-Indonesia - Indonesia - 1962,Indonesia,
G65,List of volcanic eruptions,"Irazu, 1963",Irazu - Costa Rica - Costa Rica - 1963,Costa Rica,
G65,List of volcanic eruptions,"Agung, 1963",Agung - Lesser Sunda Is - Indonesia - 1963,Indonesia,
G65,List of volcanic eruptions,"Semeru, 1963",Semeru - Java - Indonesia - 1963,Indonesia,
G65,List of volcanic eruptions,"Agung, 1963",Agung - Lesser Sunda Is - Indonesia - 1963,Indonesia,
G65,List of volcanic eruptions,"Villarrica, 1963",Villarrica - Chile-C - Chile - 1963,Chile,
G65,List of volcanic eruptions,"Batur, 1963",Batur - Lesser Sunda Is - Indonesia - 1963,Indonesia,
G65,List of volcanic eruptions,"Fuego, 1963",Fuego - Guatemala - Guatemala - 1963,Guatemala,
G65,List of volcanic eruptions,"Irazu, 1963",Irazu - Costa Rica - Costa Rica - 1963,Costa Rica,
G65,List of volcanic eruptions,"Paluweh, 1964",Paluweh - Lesser Sunda Is - Indonesia - 1964,Indonesia,
G65,List of volcanic eruptions,"Villarrica, 1964",Villarrica - Chile-C - Chile - 1964,Chile,
G65,List of volcanic eruptions,"Dieng Volcanic Complex, 1964",Dieng Volcanic Complex - Java - Indonesia - 1964,Indonesia,
G65,List of volcanic eruptions,"Taal, 1965",Taal - Luzon-Philippines - Philippines - 1965,Philippines,
G65,List of volcanic eruptions,"Kick 'em Jenny, 1965",Kick 'em Jenny - W Indies - Netherlands - 1965,Netherlands,
G65,List of volcanic eruptions,"Tinakula, 1966",Tinakula - Santa Cruz Is-SW Pac - Solomon Is. - 1966,Solomon Islands,
G65,List of volcanic eruptions,"Kelud, 1966",Kelud - Java - Indonesia - 1966,Indonesia,
G65,List of volcanic eruptions,"Awu, 1966",Awu - Sangihe Is-Indonesia - Indonesia - 1966,Indonesia,
G65,List of volcanic eruptions,"Lengai, Ol Doinyo, 1966","Lengai, Ol Doinyo - Africa-E - Tanzania - 1966",Tanzania,
G65,List of volcanic eruptions,"Lengai, Ol Doinyo, 1967","Lengai, Ol Doinyo - Africa-E - Tanzania - 1967",Tanzania,
G65,List of volcanic eruptions,"Semeru, 1967",Semeru - Java - Indonesia - 1967,Indonesia,
G65,List of volcanic eruptions,"Midagahara, 1967",Midagahara - Honshu-Japan - Japan - 1967,Japan,
G65,List of volcanic eruptions,"Deception Island, 1967",Deception Island - Antarctica - Antarctica - 1967,Antarctica,
G65,List of volcanic eruptions,"Mayon, 1968",Mayon - Luzon-Philippines - Philippines - 1968,Philippines,
G65,List of volcanic eruptions,"Arenal, 1968",Arenal - Costa Rica - Costa Rica - 1968,Costa Rica,
G65,List of volcanic eruptions,"Merapi, 1969",Merapi - Java - Indonesia - 1969,Indonesia,
G65,List of volcanic eruptions,"Iya, 1969",Iya - Lesser Sunda Is - Indonesia - 1969,Indonesia,
G65,List of volcanic eruptions,"Didicas, 1969",Didicas - Luzon-N of - Philippines - 1969,Philippines,
G65,List of volcanic eruptions,"Naruko, 1969",Naruko - Honshu-Japan - Japan - 1969,Japan,
G65,List of volcanic eruptions,"Campi Flegrei, 1970",Campi Flegrei - Italy - Italy - 1970,Italy,
G65,List of volcanic eruptions,"Hekla, 1970",Hekla - Iceland-S - Iceland - 1970,Iceland,
G65,List of volcanic eruptions,"Hudson, Cerro, 1971","Hudson, Cerro - Chile-S - Chile - 1971",Chile,
G65,List of volcanic eruptions,"Tinakula, 1971",Tinakula - Santa Cruz Is-SW Pac - Solomon Is. - 1971,Solomon Islands,
G65,List of volcanic eruptions,"Fuego, 1971",Fuego - Guatemala - Guatemala - 1971,Guatemala,
G65,List of volcanic eruptions,"La Palma, 1971",La Palma - Canary Is - Spain - 1971,Spain,
G65,List of volcanic eruptions,"Villarrica, 1971",Villarrica - Chile-C - Chile - 1971,Chile,
G65,List of volcanic eruptions,"Kusatsu-Shiranesan, 1971",Kusatsu-Shiranesan - Honshu-Japan - Japan - 1971,Japan,
G65,List of volcanic eruptions,"Fournaise, Piton de la, 1972","Fournaise, Piton de la - Indian O-W - Reunion - 1972",Reunion,France
G65,List of volcanic eruptions,"Hakoneyama, 1972",Hakoneyama - Honshu-Japan - Japan - 1972,Japan,
G65,List of volcanic eruptions,"Ritter Island, 1972",Ritter Island - New Guinea-NE of - Papua New Guinea - 1972,Papua New Guinea,
G65,List of volcanic eruptions,"Vestmannaeyjar, 1973",Vestmannaeyjar - Iceland-S - Iceland - 1973,Iceland,
G65,List of volcanic eruptions,"Paluweh, 1973",Paluweh - Lesser Sunda Is - Indonesia - 1973,Indonesia,
G65,List of volcanic eruptions,"Hudson, Cerro, 1973","Hudson, Cerro - Chile-S - Chile - 1973",Chile,
G65,List of volcanic eruptions,"Iliwerung, 1973",Iliwerung - Lesser Sunda Is - Indonesia - 1973,Indonesia,
G65,List of volcanic eruptions,"Karangetang, 1974",Karangetang - Sangihe Is-Indonesia - Indonesia - 1974,Indonesia,
G65,List of volcanic eruptions,"Aira, 1974",Aira - Kyushu-Japan - Japan - 1974,Japan,
G65,List of volcanic eruptions,"Niigata-Yakeyama, 1974",Niigata-Yakeyama - Honshu-Japan - Japan - 1974,Japan,
G65,List of volcanic eruptions,"Aira, 1974",Aira - Kyushu-Japan - Japan - 1974,Japan,
G65,List of volcanic eruptions,"Fuego, 1974",Fuego - Guatemala - Guatemala - 1974,Guatemala,
G65,List of volcanic eruptions,"Ritter Island, 1974",Ritter Island - New Guinea-NE of - Papua New Guinea - 1974,Papua New Guinea,
G65,List of volcanic eruptions,"Merapi, 1974",Merapi - Java - Indonesia - 1974,Indonesia,
G65,List of volcanic eruptions,"Marapi, 1975",Marapi - Sumatra - Indonesia - 1975,Indonesia,
G65,List of volcanic eruptions,"Arenal, 1975",Arenal - Costa Rica - Costa Rica - 1975,Costa Rica,
G65,List of volcanic eruptions,"Kilauea, 1975",Kilauea - Hawaiian Is - United States - 1975,United States,
G65,List of volcanic eruptions,"Kusatsu-Shiranesan, 1976",Kusatsu-Shiranesan - Honshu-Japan - Japan - 1976,Japan,
G65,List of volcanic eruptions,"Sangay, 1976",Sangay - Ecuador - Ecuador - 1976,Ecuador,
G65,List of volcanic eruptions,"Semeru, 1976",Semeru - Java - Indonesia - 1976,Indonesia,
G65,List of volcanic eruptions,"Karangetang, 1976",Karangetang - Sangihe Is-Indonesia - Indonesia - 1976,Indonesia,
G65,List of volcanic eruptions,"Merapi, 1976",Merapi - Java - Indonesia - 1976,Indonesia,
G65,List of volcanic eruptions,"Nyiragongo, 1977","Nyiragongo - Africa-C - Congo, DRC - 1977",Democratic Republic of the Congo,
G65,List of volcanic eruptions,"Karthala, 1977",Karthala - Indian O-W - Comoros - 1977,Comoros,
G65,List of volcanic eruptions,"Krafla, 1977",Krafla - Iceland-NE - Iceland - 1977,Iceland,
G65,List of volcanic eruptions,"Klyuchevskoy, 1977",Klyuchevskoy - Kamchatka - Russia - 1977,Russia,
G65,List of volcanic eruptions,"Toya, 1977",Toya - Hokkaido-Japan - Japan - 1977,Japan,
G65,List of volcanic eruptions,"Bulusan, 1978",Bulusan - Luzon-Philippines - Philippines - 1978,Philippines,
G65,List of volcanic eruptions,"Santa Maria, 1978",Santa Maria - Guatemala - Guatemala - 1978,Guatemala,
G65,List of volcanic eruptions,"Semeru, 1978",Semeru - Java - Indonesia - 1978,Indonesia,
G65,List of volcanic eruptions,"Toya, 1978",Toya - Hokkaido-Japan - Japan - 1978,Japan,
G65,List of volcanic eruptions,"Tangkuban Parahu, 1978",Tangkuban Parahu - Java - Indonesia - 1978,Indonesia,
G65,List of volcanic eruptions,"Dieng Volcanic Complex, 1979",Dieng Volcanic Complex - Java - Indonesia - 1979,Indonesia,
G65,List of volcanic eruptions,"Karkar, 1979",Karkar - New Guinea-NE of - Papua New Guinea - 1979,Papua New Guinea,
G65,List of volcanic eruptions,"Soufriere St. Vincent, 1979",Soufriere St. Vincent - W Indies - St. Vincent & the Grenadines - 1979,St. Vincent & the Grenadines,
G65,List of volcanic eruptions,"Etna, 1979",Etna - Italy - Italy - 1979,Italy,
G65,List of volcanic eruptions,"Iliwerung, 1979",Iliwerung - Lesser Sunda Is - Indonesia - 1979,Indonesia,
G65,List of volcanic eruptions,"Asosan, 1979",Asosan - Kyushu-Japan - Japan - 1979,Japan,
G65,List of volcanic eruptions,"St. Helens, 1980",St. Helens - US-Washington - United States - 1980,United States,
G65,List of volcanic eruptions,"Hekla, 1980",Hekla - Iceland-S - Iceland - 1980,Iceland,
G65,List of volcanic eruptions,"Hood, 1980",Hood - US-Oregon - United States - 1980,United States,
G65,List of volcanic eruptions,"Etna, 1981",Etna - Italy - Italy - 1981,Italy,
G65,List of volcanic eruptions,"Semeru, 1981",Semeru - Java - Indonesia - 1981,Indonesia,
G65,List of volcanic eruptions,"Alaid, 1981",Alaid - Kuril Is - Russia - 1981,Russia,
G65,List of volcanic eruptions,"Semeru, 1981",Semeru - Java - Indonesia - 1981,Indonesia,
G65,List of volcanic eruptions,"Mayon, 1981",Mayon - Luzon-Philippines - Philippines - 1981,Philippines,
G65,List of volcanic eruptions,"Paluweh, 1981",Paluweh - Lesser Sunda Is - Indonesia - 1981,Indonesia,
G65,List of volcanic eruptions,"Krakatau, 1981",Krakatau - Indonesia - Indonesia - 1981,Indonesia,
G65,List of volcanic eruptions,"Vilyuchinsky, 1981",Vilyuchinsky - Kamchatka - Russia - 1981,Russia,
G65,List of volcanic eruptions,"Chichon, El, 1982","Chichon, El - Mexico - Mexico - 1982",Mexico,
G65,List of volcanic eruptions,"Chichon, El, 1982","Chichon, El - Mexico - Mexico - 1982",Mexico,
G65,List of volcanic eruptions,"Galunggung, 1982",Galunggung - Java - Indonesia - 1982,Indonesia,
G65,List of volcanic eruptions,"Chichon, El, 1982","Chichon, El - Mexico - Mexico - 1982",Mexico,
G65,List of volcanic eruptions,"Klyuchevskoy, 1983",Klyuchevskoy - Kamchatka - Russia - 1983,Russia,
G65,List of volcanic eruptions,"Colo, 1983",Colo - Sulawesi-Indonesia - Indonesia - 1983,Indonesia,
G65,List of volcanic eruptions,"Iliwerung, 1983",Iliwerung - Lesser Sunda Is - Indonesia - 1983,Indonesia,
G65,List of volcanic eruptions,"Miyakejima, 1983",Miyakejima - Izu Is-Japan - Japan - 1983,Japan,
G65,List of volcanic eruptions,"Sumisujima, 1984",Sumisujima - Izu Is-Japan - Japan - 1984,Japan,
G65,List of volcanic eruptions,"Oku Volcanic Field, 1984",Oku Volcanic Field - Africa-W - Cameroon - 1984,Cameroon,
G65,List of volcanic eruptions,"Mayon, 1984",Mayon - Luzon-Philippines - Philippines - 1984,Philippines,
G65,List of volcanic eruptions,"Ontakesan, 1984",Ontakesan - Honshu-Japan - Japan - 1984,Japan,
G65,List of volcanic eruptions,"Etna, 1984",Etna - Italy - Italy - 1984,Italy,
G65,List of volcanic eruptions,"Semeru, 1985",Semeru - Java - Indonesia - 1985,Indonesia,
G65,List of volcanic eruptions,"Ruiz, Nevado del, 1985","Ruiz, Nevado del - Colombia - Colombia - 1985",Colombia,
G65,List of volcanic eruptions,"Etna, 1985",Etna - Italy - Italy - 1985,Italy,
G65,List of volcanic eruptions,"Akita-Yakeyama, 1986",Akita-Yakeyama - Honshu-Japan - Japan - 1986,Japan,
G65,List of volcanic eruptions,"Stromboli, 1986",Stromboli - Italy - Italy - 1986,Italy,
G65,List of volcanic eruptions,"Oku Volcanic Field, 1986",Oku Volcanic Field - Africa-W - Cameroon - 1986,Cameroon,
G65,List of volcanic eruptions,"Merapi, 1986",Merapi - Java - Indonesia - 1986,Indonesia,
G65,List of volcanic eruptions,"Izu-Oshima, 1986",Izu-Oshima - Izu Is-Japan - Japan - 1986,Japan,
G65,List of volcanic eruptions,"Pacaya, 1987",Pacaya - Guatemala - Guatemala - 1987,Guatemala,
G65,List of volcanic eruptions,"Etna, 1987",Etna - Italy - Italy - 1987,Italy,
G65,List of volcanic eruptions,"Sirung, 1987",Sirung - Lesser Sunda Is - Indonesia - 1987,Indonesia,
G65,List of volcanic eruptions,"Banda Api, 1988",Banda Api - Banda Sea - Pacific Ocean - 1988,,
G65,List of volcanic eruptions,"Arenal, 1988",Arenal - Costa Rica - Costa Rica - 1988,Costa Rica,
G65,List of volcanic eruptions,"Semeru, 1988",Semeru - Java - Indonesia - 1988,Indonesia,
G65,List of volcanic eruptions,"Lonquimay, 1988",Lonquimay - Chile-C - Chile - 1988,Chile,
G65,List of volcanic eruptions,"Akita-Yakeyama, 1988",Akita-Yakeyama - Honshu-Japan - Japan - 1988,Japan,
G65,List of volcanic eruptions,"Asosan, 1989",Asosan - Kyushu-Japan - Japan - 1989,Japan,
G65,List of volcanic eruptions,"Kirishimayama, 1989",Kirishimayama - Kyushu-Japan - Japan - 1989,Japan,
G65,List of volcanic eruptions,"Sheveluch, 1990",Sheveluch - Kamchatka - Russia - 1990,Russia,
G65,List of volcanic eruptions,"Kelud, 1990",Kelud - Java - Indonesia - 1990,Indonesia,
G65,List of volcanic eruptions,"Asosan, 1990",Asosan - Kyushu-Japan - Japan - 1990,Japan,
G65,List of volcanic eruptions,"Asosan, 1990",Asosan - Kyushu-Japan - Japan - 1990,Japan,
G65,List of volcanic eruptions,"Coropuna, 1990",Coropuna - Peru - Peru - 1990,Peru,
G65,List of volcanic eruptions,"Rabaul, 1990",Rabaul - New Britain-SW Pac - Papua New Guinea - 1990,Papua New Guinea,
G65,List of volcanic eruptions,"Santa Maria, 1990",Santa Maria - Guatemala - Guatemala - 1990,Guatemala,
G65,List of volcanic eruptions,"Asosan, 1990",Asosan - Kyushu-Japan - Japan - 1990,Japan,
G65,List of volcanic eruptions,"Nyiragongo, 1990","Nyiragongo - Africa-C - Congo, DRC - 1990",Democratic Republic of the Congo,
G65,List of volcanic eruptions,"Kelud, 1990",Kelud - Java - Indonesia - 1990,Indonesia,
G65,List of volcanic eruptions,"Unzendake, 1991",Unzendake - Kyushu-Japan - Japan - 1991,Japan,
G65,List of volcanic eruptions,"Pinatubo, 1991",Pinatubo - Luzon-Philippines - Philippines - 1991,Philippines,
G65,List of volcanic eruptions,"Mutnovsky, 1991",Mutnovsky - Kamchatka - Russia - 1991,Russia,
G65,List of volcanic eruptions,"Karthala, 1991",Karthala - Indian O-W - Comoros - 1991,Comoros,
G65,List of volcanic eruptions,"Hudson, Cerro, 1991","Hudson, Cerro - Chile-S - Chile - 1991",Chile,
G65,List of volcanic eruptions,"Lokon-Empung, 1991",Lokon-Empung - Sulawesi-Indonesia - Indonesia - 1991,Indonesia,
G65,List of volcanic eruptions,"Etna, 1991",Etna - Italy - Italy - 1991,Italy,
G65,List of volcanic eruptions,"Karangetang, 1992",Karangetang - Sangihe Is-Indonesia - Indonesia - 1992,Indonesia,
G65,List of volcanic eruptions,"Dieng Volcanic Complex, 1992",Dieng Volcanic Complex - Java - Indonesia - 1992,Indonesia,
G65,List of volcanic eruptions,"Negro, Cerro, 1992","Negro, Cerro - Nicaragua - Nicaragua - 1992",Nicaragua,
G65,List of volcanic eruptions,"Karangetang, 1992",Karangetang - Sangihe Is-Indonesia - Indonesia - 1992,Indonesia,
G65,List of volcanic eruptions,"Marapi, 1992",Marapi - Sumatra - Indonesia - 1992,Indonesia,
G65,List of volcanic eruptions,"Pinatubo, 1992",Pinatubo - Luzon-Philippines - Philippines - 1992,Philippines,
G65,List of volcanic eruptions,"Spurr, 1992",Spurr - Alaska-SW - United States - 1992,United States,
G65,List of volcanic eruptions,"Semeru, 1992",Semeru - Java - Indonesia - 1992,Indonesia,
G65,List of volcanic eruptions,"Galeras, 1993",Galeras - Colombia - Colombia - 1993,Colombia,
G65,List of volcanic eruptions,"Wurlali, 1993",Wurlali - Banda Sea - Indonesia - 1993,Indonesia,
G65,List of volcanic eruptions,"Mayon, 1993",Mayon - Luzon-Philippines - Philippines - 1993,Philippines,
G65,List of volcanic eruptions,"Guagua Pichincha, 1993",Guagua Pichincha - Ecuador - Ecuador - 1993,Ecuador,
G65,List of volcanic eruptions,"Kilauea, 1993",Kilauea - Hawaiian Is - United States - 1993,United States,
G65,List of volcanic eruptions,"Krakatau, 1993",Krakatau - Indonesia - Indonesia - 1993,Indonesia,
G65,List of volcanic eruptions,"Unzendake, 1993",Unzendake - Kyushu-Japan - Japan - 1993,Japan,
G65,List of volcanic eruptions,"Pinatubo, 1993",Pinatubo - Luzon-Philippines - Philippines - 1993,Philippines,
G65,List of volcanic eruptions,"Pinatubo, 1993",Pinatubo - Luzon-Philippines - Philippines - 1993,Philippines,
G65,List of volcanic eruptions,"Yasur, 1994",Yasur - Vanuatu-SW Pacific - Vanuatu - 1994,Vanuatu,
G65,List of volcanic eruptions,"Semeru, 1994",Semeru - Java - Indonesia - 1994,Indonesia,
G65,List of volcanic eruptions,"Asosan, 1994",Asosan - Kyushu-Japan - Japan - 1994,Japan,
G65,List of volcanic eruptions,"Huila, Nevado del, 1994","Huila, Nevado del - Colombia - Colombia - 1994",Colombia,
G65,List of volcanic eruptions,"Rabaul, 1994",Rabaul - New Britain-SW Pac - Papua New Guinea - 1994,Papua New Guinea,
G65,List of volcanic eruptions,"Rinjani, 1994",Rinjani - Lesser Sunda Is - Indonesia - 1994,Indonesia,
G65,List of volcanic eruptions,"Merapi, 1994",Merapi - Java - Indonesia - 1994,Indonesia,
G65,List of volcanic eruptions,"Yasur, 1995",Yasur - Vanuatu-SW Pacific - Vanuatu - 1995,Vanuatu,
G65,List of volcanic eruptions,"Yakedake, 1995",Yakedake - Honshu-Japan - Japan - 1995,Japan,
G65,List of volcanic eruptions,"Fogo, 1995",Fogo - Cape Verde Is - Cape Verde - 1995,Cape Verde,
G65,List of volcanic eruptions,"Pacaya, 1995",Pacaya - Guatemala - Guatemala - 1995,Guatemala,
G65,List of volcanic eruptions,"Kelimutu, 1995",Kelimutu - Lesser Sunda Is - Indonesia - 1995,Indonesia,
G65,List of volcanic eruptions,"Parker, 1995",Parker - Mindanao-Philippines - Philippines - 1995,Philippines,
G65,List of volcanic eruptions,"Karymsky, 1996",Karymsky - Kamchatka - Russia - 1996,Russia,
G65,List of volcanic eruptions,"Popocatepetl, 1996",Popocatepetl - Mexico - Mexico - 1996,Mexico,
G65,List of volcanic eruptions,"Kanlaon, 1996",Kanlaon - Philippines-C - Philippines - 1996,Philippines,
G65,List of volcanic eruptions,"Sumisujima, 1996",Sumisujima - Izu Is-Japan - Japan - 1996,Japan,
G65,List of volcanic eruptions,"Maderas, 1996",Maderas - Nicaragua - Nicaragua - 1996,Nicaragua,
G65,List of volcanic eruptions,"Grimsvotn, 1996",Grimsvotn - Iceland-NE - Iceland - 1996,Iceland,
G65,List of volcanic eruptions,"Manam, 1996",Manam - New Guinea-NE of - Papua New Guinea - 1996,Papua New Guinea,
G65,List of volcanic eruptions,"Merapi, 1997",Merapi - Java - Indonesia - 1997,Indonesia,
G65,List of volcanic eruptions,"Karangetang, 1997",Karangetang - Sangihe Is-Indonesia - Indonesia - 1997,Indonesia,
G65,List of volcanic eruptions,"Soufriere Hills, 1997",Soufriere Hills - W Indies - Montserrat - 1997,Montserrat,UK
G65,List of volcanic eruptions,"Hakkodasan, 1997",Hakkodasan - Honshu-Japan - Japan - 1997,Japan,
G65,List of volcanic eruptions,"Soufriere Hills, 1997",Soufriere Hills - W Indies - Montserrat - 1997,Montserrat,UK
G65,List of volcanic eruptions,"Semeru, 1997",Semeru - Java - Indonesia - 1997,Indonesia,
G65,List of volcanic eruptions,"Adatarayama, 1997",Adatarayama - Honshu-Japan - Japan - 1997,Japan,
G65,List of volcanic eruptions,"Asosan, 1997",Asosan - Kyushu-Japan - Japan - 1997,Japan,
G65,List of volcanic eruptions,"Soufriere Hills, 1997",Soufriere Hills - W Indies - Montserrat - 1997,Montserrat,UK
G65,List of volcanic eruptions,"Kilauea, 1998",Kilauea - Hawaiian Is - United States - 1998,United States,
G65,List of volcanic eruptions,"Kelud, 1998",Kelud - Java - Indonesia - 1998,Indonesia,
G65,List of volcanic eruptions,"San Cristobal, 1998",San Cristobal - Nicaragua - Nicaragua - 1998,Nicaragua,
G65,List of volcanic eruptions,"Soufriere Hills, 1999",Soufriere Hills - W Indies - Montserrat - 1999,Montserrat,UK
G65,List of volcanic eruptions,"Fuego, 1999",Fuego - Guatemala - Guatemala - 1999,Guatemala,
G65,List of volcanic eruptions,"Sheveluch, 1999",Sheveluch - Kamchatka - Russia - 1999,Russia,
G65,List of volcanic eruptions,"Guagua Pichincha, 1999",Guagua Pichincha - Ecuador - Ecuador - 1999,Ecuador,
G65,List of volcanic eruptions,"Tungurahua, 1999",Tungurahua - Ecuador - Ecuador - 1999,Ecuador,
G65,List of volcanic eruptions,"Miyakejima, 2000",Miyakejima - Izu Is-Japan - Japan - 2000,Japan,
G65,List of volcanic eruptions,"Semeru, 2000",Semeru - Java - Indonesia - 2000,Indonesia,
G65,List of volcanic eruptions,"Arenal, 2000",Arenal - Costa Rica - Costa Rica - 2000,Costa Rica,
G65,List of volcanic eruptions,"Kilauea, 2000",Kilauea - Hawaiian Is - United States - 2000,United States,
G65,List of volcanic eruptions,"Merapi, 2000",Merapi - Java - Indonesia - 2000,Indonesia,
G65,List of volcanic eruptions,"Etna, 2001",Etna - Italy - Italy - 2001,Italy,
G65,List of volcanic eruptions,"Etna, 2001",Etna - Italy - Italy - 2001,Italy,
G65,List of volcanic eruptions,"Merapi, 2001",Merapi - Java - Indonesia - 2001,Indonesia,
G65,List of volcanic eruptions,"Stromboli, 2001",Stromboli - Italy - Italy - 2001,Italy,
G65,List of volcanic eruptions,"Karangetang, 2002",Karangetang - Sangihe Is-Indonesia - Indonesia - 2002,Indonesia,
G65,List of volcanic eruptions,"Nyiragongo, 2002","Nyiragongo - Africa-C - Congo, DRC - 2002",Democratic Republic of the Congo,
G65,List of volcanic eruptions,"Etna, 2002",Etna - Italy - Italy - 2002,Italy,
G65,List of volcanic eruptions,"Reventador, 2002",Reventador - Ecuador - Ecuador - 2002,Ecuador,
G65,List of volcanic eruptions,"Stromboli, 2002",Stromboli - Italy - Italy - 2002,Italy,
G65,List of volcanic eruptions,"Semeru, 2002",Semeru - Java - Indonesia - 2002,Indonesia,
G65,List of volcanic eruptions,"Soufriere Hills, 2003",Soufriere Hills - W Indies - Montserrat - 2003,Montserrat,UK
G65,List of volcanic eruptions,"Egon, 2004",Egon - Lesser Sunda Is - Indonesia - 2004,Indonesia,
G65,List of volcanic eruptions,"Tengger Caldera, 2004",Tengger Caldera - Java - Indonesia - 2004,Indonesia,
G65,List of volcanic eruptions,"Manam, 2004",Manam - New Guinea-NE of - Papua New Guinea - 2004,Papua New Guinea,
G65,List of volcanic eruptions,"Manam, 2005",Manam - New Guinea-NE of - Papua New Guinea - 2005,Papua New Guinea,
G65,List of volcanic eruptions,"Santa Ana, 2005",Santa Ana - El Salvador - El Salvador - 2005,El Salvador,
G65,List of volcanic eruptions,"Karthala, 2005",Karthala - Indian O-W - Comoros - 2005,Comoros,
G65,List of volcanic eruptions,"Sumisujima, 2006",Sumisujima - Izu Is-Japan - Japan - 2006,Japan,
G65,List of volcanic eruptions,"Raoul Island, 2006",Raoul Island - Kermadec Is - New Zealand - 2006,New Zealand,
G65,List of volcanic eruptions,"Soufriere Hills, 2006",Soufriere Hills - W Indies - Montserrat - 2006,Montserrat,UK
G65,List of volcanic eruptions,"Bulusan, 2006",Bulusan - Luzon-Philippines - Philippines - 2006,Philippines,
G65,List of volcanic eruptions,"Merapi, 2006",Merapi - Java - Indonesia - 2006,Indonesia,
G65,List of volcanic eruptions,"Tungurahua, 2006",Tungurahua - Ecuador - Ecuador - 2006,Ecuador,
G65,List of volcanic eruptions,"Tungurahua, 2006",Tungurahua - Ecuador - Ecuador - 2006,Ecuador,
G65,List of volcanic eruptions,"Mayon, 2006",Mayon - Luzon-Philippines - Philippines - 2006,Philippines,
G65,List of volcanic eruptions,"Manam, 2007",Manam - New Guinea-NE of - Papua New Guinea - 2007,Papua New Guinea,
G65,List of volcanic eruptions,"Huila, Nevado del, 2007","Huila, Nevado del - Colombia - Colombia - 2007",Colombia,
G65,List of volcanic eruptions,"Ritter Island, 2007",Ritter Island - New Guinea-NE of - Papua New Guinea - 2007,Papua New Guinea,
G65,List of volcanic eruptions,"Salak, 2007",Salak - Java - Indonesia - 2007,Indonesia,
G65,List of volcanic eruptions,"Tair, Jebel at, 2007","Tair, Jebel at - Red Sea - Yemen - 2007",Yemen,
G65,List of volcanic eruptions,"Chaiten, 2008",Chaiten - Chile-S - Chile - 2008,Chile,
G65,List of volcanic eruptions,"Kasatochi, 2008",Kasatochi - Aleutian Is - United States - 2008,United States,
G65,List of volcanic eruptions,"Tungurahua, 2008",Tungurahua - Ecuador - Ecuador - 2008,Ecuador,
G65,List of volcanic eruptions,"Huila, Nevado del, 2008","Huila, Nevado del - Colombia - Colombia - 2008",Colombia,
G65,List of volcanic eruptions,"Redoubt, 2009",Redoubt - Alaska-SW - United States - 2009,United States,
G65,List of volcanic eruptions,"Kilauea, 2009",Kilauea - Hawaiian Is - United States - 2009,United States,
G65,List of volcanic eruptions,"Tungurahua, 2010",Tungurahua - Ecuador - Ecuador - 2010,Ecuador,
G65,List of volcanic eruptions,"Eyjafjallajokull, 2010",Eyjafjallajokull - Iceland-S - Iceland - 2010,Iceland,
G65,List of volcanic eruptions,"Pacaya, 2010",Pacaya - Guatemala - Guatemala - 2010,Guatemala,
G65,List of volcanic eruptions,"Zealandia Bank, 2010",Zealandia Bank - Mariana Is-C Pacific - United States - 2010,United States,
G65,List of volcanic eruptions,"Karangetang, 2010",Karangetang - Sangihe Is-Indonesia - Indonesia - 2010,Indonesia,
G65,List of volcanic eruptions,"Sinabung, 2010",Sinabung - Sumatra - Indonesia - 2010,Indonesia,
G65,List of volcanic eruptions,"Merapi, 2010",Merapi - Java - Indonesia - 2010,Indonesia,
G65,List of volcanic eruptions,"Tungurahua, 2010",Tungurahua - Ecuador - Ecuador - 2010,Ecuador,
G65,List of volcanic eruptions,"Tengger Caldera, 2010",Tengger Caldera - Java - Indonesia - 2010,Indonesia,
G65,List of volcanic eruptions,"Merapi, 2011",Merapi - Java - Indonesia - 2011,Indonesia,
G65,List of volcanic eruptions,"Kirishimayama, 2011",Kirishimayama - Kyushu-Japan - Japan - 2011,Japan,
G65,List of volcanic eruptions,"Bulusan, 2011",Bulusan - Luzon-Philippines - Philippines - 2011,Philippines,
G65,List of volcanic eruptions,"Karangetang, 2011",Karangetang - Sangihe Is-Indonesia - Indonesia - 2011,Indonesia,
G65,List of volcanic eruptions,"Tungurahua, 2011",Tungurahua - Ecuador - Ecuador - 2011,Ecuador,
G65,List of volcanic eruptions,"Puyehue-Cordon Caulle, 2011",Puyehue-Cordon Caulle - Chile-C - Chile - 2011,Chile,
G65,List of volcanic eruptions,"Nabro, 2011",Nabro - Africa-NE - Eritrea - 2011,Eritrea,
G65,List of volcanic eruptions,"Katla, 2011",Katla - Iceland-S - Iceland - 2011,Iceland,
G65,List of volcanic eruptions,"Lokon-Empung, 2011",Lokon-Empung - Sulawesi-Indonesia - Indonesia - 2011,Indonesia,
G65,List of volcanic eruptions,"Gamalama, 2011",Gamalama - Halmahera-Indonesia - Indonesia - 2011,Indonesia,
G65,List of volcanic eruptions,"Kilauea, 2012",Kilauea - Hawaiian Is - United States - 2012,United States,
G65,List of volcanic eruptions,"Kilauea, 2012",Kilauea - Hawaiian Is - United States - 2012,United States,
G65,List of volcanic eruptions,"Tolbachik, 2012",Tolbachik - Kamchatka - Russia - 2012,Russia,
G65,List of volcanic eruptions,"Merapi, 2013",Merapi - Java - Indonesia - 2013,Indonesia,
G65,List of volcanic eruptions,"Paluweh, 2013",Paluweh - Lesser Sunda Is - Indonesia - 2013,Indonesia,
G65,List of volcanic eruptions,"Mayon, 2013",Mayon - Luzon-Philippines - Philippines - 2013,Philippines,
G65,List of volcanic eruptions,"Paluweh, 2013",Paluweh - Lesser Sunda Is - Indonesia - 2013,Indonesia,
G65,List of volcanic eruptions,"Ubinas, 2013",Ubinas - Peru - Peru - 2013,Peru,
G65,List of volcanic eruptions,"Aira, 2013",Aira - Kyushu-Japan - Japan - 2013,Japan,
G65,List of volcanic eruptions,"Sinabung, 2013",Sinabung - Sumatra - Indonesia - 2013,Indonesia,
G65,List of volcanic eruptions,"Okataina, 2013",Okataina - New Zealand - New Zealand - 2013,New Zealand,
G65,List of volcanic eruptions,"Sinabung, 2014",Sinabung - Sumatra - Indonesia - 2014,Indonesia,
G65,List of volcanic eruptions,"Kelud, 2014",Kelud - Java - Indonesia - 2014,Indonesia,
G65,List of volcanic eruptions,"Ontakesan, 2014",Ontakesan - Honshu-Japan - Japan - 2014,Japan,
G65,List of volcanic eruptions,"Kilauea, 2014",Kilauea - Hawaiian Is - United States - 2014,United States,
G65,List of volcanic eruptions,"Fogo, 2014",Fogo - Cape Verde Is - Cape Verde - 2014,Cape Verde,
G65,List of volcanic eruptions,"Gamalama, 2014",Gamalama - Halmahera-Indonesia - Indonesia - 2014,Indonesia,
G65,List of volcanic eruptions,"Sinabung, 2015",Sinabung - Sumatra - Indonesia - 2015,Indonesia,
G65,List of volcanic eruptions,"Calbuco, 2015",Calbuco - Chile-S - Chile - 2015,Chile,
G65,List of volcanic eruptions,"Sumisujima, 2015",Sumisujima - Izu Is-Japan - Japan - 2015,Japan,
G65,List of volcanic eruptions,"Karangetang, 2015",Karangetang - Sangihe Is-Indonesia - Indonesia - 2015,Indonesia,
G65,List of volcanic eruptions,"Manam, 2015",Manam - New Guinea-NE of - Papua New Guinea - 2015,Papua New Guinea,
G65,List of volcanic eruptions,"Sinabung, 2015",Sinabung - Sumatra - Indonesia - 2015,Indonesia,
G65,List of volcanic eruptions,"Okataina, 2015",Okataina - New Zealand - New Zealand - 2015,New Zealand,
G65,List of volcanic eruptions,"Sinabung, 2016",Sinabung - Sumatra - Indonesia - 2016,Indonesia,
G65,List of volcanic eruptions,"Sinabung, 2016",Sinabung - Sumatra - Indonesia - 2016,Indonesia,
G65,List of volcanic eruptions,"Yellowstone, 2016",Yellowstone - US-Wyoming - United States - 2016,United States,
G65,List of volcanic eruptions,"Rinjani, 2016",Rinjani - Lesser Sunda Is - Indonesia - 2016,Indonesia,
G65,List of volcanic eruptions,"Asosan, 2016",Asosan - Kyushu-Japan - Japan - 2016,Japan,
G65,List of volcanic eruptions,"Etna, 2017",Etna - Italy - Italy - 2017,Italy,
G65,List of volcanic eruptions,"Sinabung, 2017",Sinabung - Sumatra - Indonesia - 2017,Indonesia,
G65,List of volcanic eruptions,"Fuego, 2017",Fuego - Guatemala - Guatemala - 2017,Guatemala,
G65,List of volcanic eruptions,"Dieng Volcanic Complex, 2017",Dieng Volcanic Complex - Java - Indonesia - 2017,Indonesia,
G65,List of volcanic eruptions,"Campi Flegrei, 2017",Campi Flegrei - Italy - Italy - 2017,Italy,
G65,List of volcanic eruptions,"Ambae, 2017",Ambae - Vanuatu-SW Pacific - Vanuatu - 2017,Vanuatu,
G65,List of volcanic eruptions,"Merapi, 2017",Merapi - Java - Indonesia - 2017,Indonesia,
G65,List of volcanic eruptions,"Sinabung, 2017",Sinabung - Sumatra - Indonesia - 2017,Indonesia,
G65,List of volcanic eruptions,"Kadovar, 2018",Kadovar - New Guinea-NE of - Papua New Guinea - 2018,Papua New Guinea,
G65,List of volcanic eruptions,"Mayon, 2018",Mayon - Luzon-Philippines - Philippines - 2018,Philippines,
G65,List of volcanic eruptions,"Kusatsu-Shiranesan, 2018",Kusatsu-Shiranesan - Honshu-Japan - Japan - 2018,Japan,
G65,List of volcanic eruptions,"Kilauea, 2018",Kilauea - Hawaiian Is - United States - 2018,United States,
G65,List of volcanic eruptions,"Kadovar, 2018",Kadovar - New Guinea-NE of - Papua New Guinea - 2018,Papua New Guinea,
G65,List of volcanic eruptions,"Ijen, 2018",Ijen - Java - Indonesia - 2018,Indonesia,
G65,List of volcanic eruptions,"Ambae, 2018",Ambae - Vanuatu-SW Pacific - Vanuatu - 2018,Vanuatu,
G65,List of volcanic eruptions,"Kilauea, 2018",Kilauea - Hawaiian Is - United States - 2018,United States,
G65,List of volcanic eruptions,"Sumisujima, 2018",Sumisujima - Izu Is-Japan - Japan - 2018,Japan,
G65,List of volcanic eruptions,"Fuego, 2018",Fuego - Guatemala - Guatemala - 2018,Guatemala,
G65,List of volcanic eruptions,"Kilauea, 2018",Kilauea - Hawaiian Is - United States - 2018,United States,
G65,List of volcanic eruptions,"Manam, 2018",Manam - New Guinea-NE of - Papua New Guinea - 2018,Papua New Guinea,
G65,List of volcanic eruptions,"Ambrym, 2018",Ambrym - Vanuatu-SW Pacific - Vanuatu - 2018,Vanuatu,
G65,List of volcanic eruptions,"Krakatau, 2018",Krakatau - Indonesia - Indonesia - 2018,Indonesia,
G65,List of volcanic eruptions,"Etna, 2018",Etna - Italy - Italy - 2018,Italy,
G65,List of volcanic eruptions,"Manam, 2019",Manam - New Guinea-NE of - Papua New Guinea - 2019,Papua New Guinea,
G65,List of volcanic eruptions,"Sinabung, 2019",Sinabung - Sumatra - Indonesia - 2019,Indonesia,
G65,List of volcanic eruptions,"Ulawun, 2019",Ulawun - New Britain-SW Pac - Papua New Guinea - 2019,Papua New Guinea,
G65,List of volcanic eruptions,"Manam, 2019",Manam - New Guinea-NE of - Papua New Guinea - 2019,Papua New Guinea,
G65,List of volcanic eruptions,"Stromboli, 2019",Stromboli - Italy - Italy - 2019,Italy,
G65,List of volcanic eruptions,"Stromboli, 2019",Stromboli - Italy - Italy - 2019,Italy,
G65,List of volcanic eruptions,"Whakaari/White Island, 2019",Whakaari/White Island - New Zealand - New Zealand - 2019,New Zealand,
G65,List of volcanic eruptions,"Taal, 2020",Taal - Luzon-Philippines - Philippines - 2020,Philippines,
G65,List of volcanic eruptions,"Ijen, 2020",Ijen - Java - Indonesia - 2020,Indonesia,
G65,List of volcanic eruptions,"Sangay, 2021",Sangay - Ecuador - Ecuador - 2021,Ecuador,
G65,List of volcanic eruptions,"Pacaya, 2021",Pacaya - Guatemala - Guatemala - 2021,Guatemala,
G65,List of volcanic eruptions,"Soufriere St. Vincent, 2021",Soufriere St. Vincent - W Indies - St. Vincent & the Grenadines - 2021,St. Vincent & the Grenadines,
G65,List of volcanic eruptions,"Nyiragongo, 2021","Nyiragongo - Africa-C - Congo, DRC - 2021",Democratic Republic of the Congo,
G65,List of volcanic eruptions,"La Palma, 2021",La Palma - Canary Is - Spain - 2021,Spain,
G65,List of volcanic eruptions,"Semeru, 2021",Semeru - Java - Indonesia - 2021,Indonesia,
G65,List of volcanic eruptions,"Hunga Tonga-Hunga Ha'apai, 2022",Hunga Tonga-Hunga Ha'apai - Tonga-SW Pacific - Tonga - 2022,Tonga,
G65,List of volcanic eruptions,"Popocatepetl, 2022",Popocatepetl - Mexico - Mexico - 2022,Mexico,
G65,List of volcanic eruptions,"Stromboli, 2022",Stromboli - Italy - Italy - 2022,Italy,
G65,List of volcanic eruptions,"Stromboli, 2022",Stromboli - Italy - Italy - 2022,Italy,
