Category ID,Category,Event,Event description,country,ccode,type,src
G2,Intra-state (civil) wars,Abkhazia Revolt of 1992-1994,"Civil war - over local issues: Georgia vs. USSR, Abkhazia",Russia,RUS,Polity,data
G2,Intra-state (civil) wars,Abkhazia Revolt of 1992-1994,"Civil war - over local issues: Georgia vs. USSR, Abkhazia",Georgia,GRG,Polity,data
G2,Intra-state (civil) wars,Revolución de Queipa of 1898,Civil war - for central control: Venezuela vs. Hernandez-led Rebels,Venezuela,VEN,Polity,data
G2,Intra-state (civil) wars,Afghan-Taliban War of 2014-ongoing,"Civil war - for central control: United States, Afghanistan vs. Taliban",United States of America,USA,Polity,data
G2,Intra-state (civil) wars,Afghan-Taliban War of 2014-ongoing,"Civil war - for central control: United States, Afghanistan vs. Taliban",Afghanistan,AFG,Polity,data
G2,Intra-state (civil) wars,Afghanistan Post-Communist War of 1992-2001,Civil war - for central control: Afghanistan vs. Mujahideen,Afghanistan,AFG,Polity,data
G2,Intra-state (civil) wars,Africa's World War of 1998-2002,"Civil war - for central control: Central African Republic, Chad, Democratic Republic of the Congo, Angola, Zimbabwe, Namibia, Sudan vs. Rwanda, Burundi, Uganda, RCD and MLC",Central African Republic,CEN,Polity,data
G2,Intra-state (civil) wars,Africa's World War of 1998-2002,"Civil war - for central control: Central African Republic, Chad, Democratic Republic of the Congo, Angola, Zimbabwe, Namibia, Sudan vs. Rwanda, Burundi, Uganda, RCD and MLC",Namibia,NAM,Polity,data
G2,Intra-state (civil) wars,Africa's World War of 1998-2002,"Civil war - for central control: Central African Republic, Chad, Democratic Republic of the Congo, Angola, Zimbabwe, Namibia, Sudan vs. Rwanda, Burundi, Uganda, RCD and MLC",Uganda,UGA,Polity,data
G2,Intra-state (civil) wars,Africa's World War of 1998-2002,"Civil war - for central control: Central African Republic, Chad, Democratic Republic of the Congo, Angola, Zimbabwe, Namibia, Sudan vs. Rwanda, Burundi, Uganda, RCD and MLC",Burundi,BUI,Polity,data
G2,Intra-state (civil) wars,Africa's World War of 1998-2002,"Civil war - for central control: Central African Republic, Chad, Democratic Republic of the Congo, Angola, Zimbabwe, Namibia, Sudan vs. Rwanda, Burundi, Uganda, RCD and MLC",Democratic Republic of the Congo,DRC,Polity,data
G2,Intra-state (civil) wars,Africa's World War of 1998-2002,"Civil war - for central control: Central African Republic, Chad, Democratic Republic of the Congo, Angola, Zimbabwe, Namibia, Sudan vs. Rwanda, Burundi, Uganda, RCD and MLC",Angola,ANG,Polity,data
G2,Intra-state (civil) wars,Africa's World War of 1998-2002,"Civil war - for central control: Central African Republic, Chad, Democratic Republic of the Congo, Angola, Zimbabwe, Namibia, Sudan vs. Rwanda, Burundi, Uganda, RCD and MLC",Sudan,SUD,Polity,data
G2,Intra-state (civil) wars,Africa's World War of 1998-2002,"Civil war - for central control: Central African Republic, Chad, Democratic Republic of the Congo, Angola, Zimbabwe, Namibia, Sudan vs. Rwanda, Burundi, Uganda, RCD and MLC",Zimbabwe,ZIM,Polity,data
G2,Intra-state (civil) wars,Africa's World War of 1998-2002,"Civil war - for central control: Central African Republic, Chad, Democratic Republic of the Congo, Angola, Zimbabwe, Namibia, Sudan vs. Rwanda, Burundi, Uganda, RCD and MLC",Chad,CHA,Polity,data
G2,Intra-state (civil) wars,Africa's World War of 1998-2002,"Civil war - for central control: Central African Republic, Chad, Democratic Republic of the Congo, Angola, Zimbabwe, Namibia, Sudan vs. Rwanda, Burundi, Uganda, RCD and MLC",Rwanda,RWA,Polity,data
G2,Intra-state (civil) wars,Agrarian Rising of 1923,Civil war - for central control: Bulgaria vs. Agrarian League,Bulgaria,BUL,Polity,data
G2,Intra-state (civil) wars,Aleppo Revolt of 1850,Civil war - over local issues: Ottoman Empire vs. Aleppo,Turkey,TUR,Polity,data
G2,Intra-state (civil) wars,Algeria's Islamic Front War of 1992-2002,Civil war - for central control: Algeria vs. Islamic Front,Algeria,ALG,Polity,data
G2,Intra-state (civil) wars,Algerian Revolution of 1962,Civil war - for central control: Algeria vs. ALN,Algeria,ALG,Polity,data
G2,Intra-state (civil) wars,Ali Pasha Rebellion of 1820-1822,Civil war - over local issues: Ottoman Empire vs. Ali Pasha Loyalists,Turkey,TUR,Polity,data
G2,Intra-state (civil) wars,Angolan Control War of 1976-1991,"Civil war - for central control: Cuba, Angola vs. South Africa, UNITA",South Africa,SAF,Polity,data
G2,Intra-state (civil) wars,Angolan Control War of 1976-1991,"Civil war - for central control: Cuba, Angola vs. South Africa, UNITA",Angola,ANG,Polity,data
G2,Intra-state (civil) wars,Angolan Control War of 1976-1991,"Civil war - for central control: Cuba, Angola vs. South Africa, UNITA",Cuba,CUB,Polity,data
G2,Intra-state (civil) wars,Angolan War of  the Cities of 1992-1994,Civil war - for central control: Angola vs. UNITA,Angola,ANG,Polity,data
G2,Intra-state (civil) wars,Anti-Khomeini Coalition War of 1979-1983,Civil war - for central control: Iran vs. Anti-Khomeini Coalition,Iran,IRN,Polity,data
G2,Intra-state (civil) wars,Anti-Monarchy War of 1915-1916,Civil war - for central control: China vs. NPA,China,CHN,Polity,data
G2,Intra-state (civil) wars,Anti-Nimeiry Revolt of 1976,Civil war - for central control: Sudan vs. National Front,Sudan,SUD,Polity,data
G2,Intra-state (civil) wars,Aprista Revolt of 1932,Civil war - for central control: Peru vs. Apristas,Peru,PER,Polity,data
G2,Intra-state (civil) wars,Ararat Revolt of  1930,Civil war - over local issues: Turkey vs. Kurds,Turkey,TUR,Polity,data
G2,Intra-state (civil) wars,Argentine Indians War of 1878-1879,Civil war - over local issues: Argentina vs. Indians,Argentina,ARG,Polity,data
G2,Intra-state (civil) wars,Argentine Leftists War of 1975-1976,Civil war - for central control: Argentina vs. Monteneros and ERP,Argentina,ARG,Polity,data
G2,Intra-state (civil) wars,Argentine Military War of 1955,Civil war - for central control: Argentina vs. Military Rebels,Argentina,ARG,Polity,data
G2,Intra-state (civil) wars,Armenian Hunchak Uprising of 1895-1896,Civil war - over local issues: Ottoman Empire vs. Hunchaks,Turkey,TUR,Polity,data
G2,Intra-state (civil) wars,Asir-Yemen Revolt of 1909-1911,Civil war - over local issues: Ottoman Empire vs. Asir and Yemen Rebels,Turkey,TUR,Polity,data
G2,Intra-state (civil) wars,Balaiada Revolt of 1838-1841,Civil war - over local issues: Brazil vs. Balaida Rebels,Brazil,BRA,Polity,data
G2,Intra-state (civil) wars,Baluchi Separatists War of 1973-1977,Civil war - over local issues: Pakistan vs. Baluchi Rebels,Pakistan,PAK,Polity,data
G2,Intra-state (civil) wars,Bandit War of 1863,Civil war - over local issues: Italy vs. Sicilian Bandits,Italy,ITA,Polity,data
G2,Intra-state (civil) wars,Barquisimeto Rebellion of 1854,Civil war - for central control: Venezuela vs. Rodriguez-led Rebels,Venezuela,VEN,Polity,data
G2,Intra-state (civil) wars,Bashmachi in Turketsan Revolt of 1920-1924,Civil war - over local issues: Soviet Russian Republic vs. Basmachi,Russia,RUS,Polity,data
G2,Intra-state (civil) wars,Belgian Independence War of 1830,Civil war - over local issues: Netherlands vs. Belgium,Netherlands,NTH,Polity,data
G2,Intra-state (civil) wars,Biafra War of 1967-1970,Civil war - over local issues: Nigeria vs. Biafra,Nigeria,NIG,Polity,data
G2,Intra-state (civil) wars,Black September War of 1970,"Civil war - for central control: Jordan vs. Syria, Palestinians",Jordan,JOR,Polity,data
G2,Intra-state (civil) wars,Black September War of 1970,"Civil war - for central control: Jordan vs. Syria, Palestinians",Syria,SYR,Polity,data
G2,Intra-state (civil) wars,Bloody Sunday War of 1905-1906,Civil war - for central control: Russia vs. Workers and Peasants,Russia,RUS,Polity,data
G2,Intra-state (civil) wars,Bluefields Insurrection of 1909-1910,Civil war - for central control: Nicaragua vs. Estradistas,Nicaragua,NIC,Polity,data
G2,Intra-state (civil) wars,Boko Haram in Nigeria of 2013 - ongoing,Civil war - for central control: Nigeria vs. Boko Haram,Nigeria,NIG,Polity,data
G2,Intra-state (civil) wars,Boko Haram in Nigeria of 2013 - present,"Civil war - for central control: Niger, Cameroon, Chad vs. ",Chad,CHA,Polity,data
G2,Intra-state (civil) wars,Boko Haram in Nigeria of 2013 - present,"Civil war - for central control: Niger, Cameroon, Chad vs. ",Niger,NIR,Polity,data
G2,Intra-state (civil) wars,Boko Haram in Nigeria of 2013 - present,"Civil war - for central control: Niger, Cameroon, Chad vs. ",Cameroon,CAO,Polity,data
G2,Intra-state (civil) wars,Bolivan Perez Rebellion of 1862,Civil war - for central control: Bolivia vs. Perez-led Rebels,Bolivia,BOL,Polity,data
G2,Intra-state (civil) wars,Bolivia-Criollos War of 1870-1871,Civil war - for central control: Bolivia vs. Criollos,Bolivia,BOL,Polity,data
G2,Intra-state (civil) wars,Bolivian National Revolution of 1952,Civil war - for central control: Bolivia vs. MNR,Bolivia,BOL,Polity,data
G2,Intra-state (civil) wars,Bosnia and Bulgaria Revolt of 1875-1876,Civil war - over local issues: Ottoman Empire vs. Bosnia-Herzegovina and Bulgaria,Turkey,TUR,Polity,data
G2,Intra-state (civil) wars,Bosnian-Serb Rebellion of 1992-1995,"Civil war - over local issues: United States, Croatia, Bosnia vs. Croatia, Bosnian Serbs",Croatia,CRO,Polity,data
G2,Intra-state (civil) wars,Bosnian-Serb Rebellion of 1992-1995,"Civil war - over local issues: United States, Croatia, Bosnia vs. Croatia, Bosnian Serbs",United States of America,USA,Polity,data
G2,Intra-state (civil) wars,Bosnian-Serb Rebellion of 1992-1995,"Civil war - over local issues: United States, Croatia, Bosnia vs. Croatia, Bosnian Serbs",Bosnia and Herzegovina,BOS,Polity,data
G2,Intra-state (civil) wars,Bougainville Secessionist War of 1990-1991,Civil war - over local issues: Papua New Guinea vs. BRA,Papua New Guinea,PNG,Polity,data
G2,Intra-state (civil) wars,Brazil Federalists War of 1893-1894,Civil war - for central control: Brazil vs. Rio Grande do Sul,Brazil,BRA,Polity,data
G2,Intra-state (civil) wars,Brazil Naval War of 1893-1894,Civil war - for central control: Brazil vs. Naval Royalists,Brazil,BRA,Polity,data
G2,Intra-state (civil) wars,Cabanada War of 1832-1835,Civil war - for central control: Brazil vs. Pernambuco Cabanos,Brazil,BRA,Polity,data
G2,Intra-state (civil) wars,Cabanos Revolt of 1835-1837,Civil war - over local issues: Brazil vs. Cabanos,Brazil,BRA,Polity,data
G2,Intra-state (civil) wars,Campaign Against Ibrahim Beg of 1930-1931,Civil war - over local issues: Afghanistan vs. Army of Islam,Afghanistan,AFG,Polity,data
G2,Intra-state (civil) wars,Campos Mutiny of 1890,Civil war - for central control: Argentina vs. Campos-led Rebels,Argentina,ARG,Polity,data
G2,Intra-state (civil) wars,Canudos Revolt of 1896-1897,Civil war - over local issues: Brazil vs. Conselhistas,Brazil,BRA,Polity,data
G2,Intra-state (civil) wars,Catonalist Uprising of 1873-1874,Civil war - over local issues: Spain vs. Cantons,Spain,SPN,Polity,data
G2,Intra-state (civil) wars,Central African Republic War of 2012-2013,"Civil war - for central control: Central African Republic, Chad vs. Seleka",Chad,CHA,Polity,data
G2,Intra-state (civil) wars,Central African Republic War of 2012-2013,"Civil war - for central control: Central African Republic, Chad vs. Seleka",Central African Republic,CEN,Polity,data
G2,Intra-state (civil) wars,Central Plains War of 1929-1930,Civil war - for central control: China vs. Warlord Armies,China,CHN,Polity,data
G2,Intra-state (civil) wars,Chad-Togoimi Revolt of 1998-2000,Civil war - for central control: Chad vs. MDD & MDJT,Chad,CHA,Polity,data
G2,Intra-state (civil) wars,Chad-United Opposition War of 2005-2008,"Civil war - for central control: France, Chad vs. United Opposition",Chad,CHA,Polity,data
G2,Intra-state (civil) wars,Chad-United Opposition War of 2005-2008,"Civil war - for central control: France, Chad vs. United Opposition",France,FRN,Polity,data
G2,Intra-state (civil) wars,Chad - Deby War of 1989-1990,Civil war - for central control: Chad vs. April 1 Movement,Chad,CHA,Polity,data
G2,Intra-state (civil) wars,Chad - FAN War of 1980-1984,"Civil war - over local issues: Chad, Libya vs. France, Zaire, FAN",France,FRN,Polity,data
G2,Intra-state (civil) wars,Chad - FAN War of 1980-1984,"Civil war - over local issues: Chad, Libya vs. France, Zaire, FAN",Democratic Republic of the Congo,DRC,Polity,data
G2,Intra-state (civil) wars,Chad - FAN War of 1980-1984,"Civil war - over local issues: Chad, Libya vs. France, Zaire, FAN",Chad,CHA,Polity,data
G2,Intra-state (civil) wars,Chad - FAN War of 1980-1984,"Civil war - over local issues: Chad, Libya vs. France, Zaire, FAN",Libya,LIB,Polity,data
G2,Intra-state (civil) wars,Chad - FAP War of 1977-1978,"Civil war - for central control: France, Chad vs. Libya, FAP",Chad,CHA,Polity,data
G2,Intra-state (civil) wars,Chad - FAP War of 1977-1978,"Civil war - for central control: France, Chad vs. Libya, FAP",France,FRN,Polity,data
G2,Intra-state (civil) wars,Chad - FAP War of 1977-1978,"Civil war - for central control: France, Chad vs. Libya, FAP",Libya,LIB,Polity,data
G2,Intra-state (civil) wars,Chilean Congressist War of 1891,Civil war - for central control: Chile vs. Congressists,Chile,CHL,Polity,data
G2,Intra-state (civil) wars,Chilean Coup of 1973,Civil war - for central control: Chile vs. Military Rebels,Chile,CHL,Polity,data
G2,Intra-state (civil) wars,China Pai Ling (White Wolf) War of 1914,Civil war - over local issues: China vs. Pai-Lings,China,CHN,Polity,data
G2,Intra-state (civil) wars,Chinese Civil War phase 1 of 1930-1936,Civil war - for central control: China vs. Chinese Workers,China,CHN,Polity,data
G2,Intra-state (civil) wars,Chinese Civil War phase 2 of 1945-1950,Civil war - for central control: China vs. CCP,China,CHN,Polity,data
G2,Intra-state (civil) wars,Chinese Northern Expedition of 1926-1928,"Civil war - for central control: China, Japan vs. GMD and CCP",Japan,JPN,Polity,data
G2,Intra-state (civil) wars,Chinese Northern Expedition of 1926-1928,"Civil war - for central control: China, Japan vs. GMD and CCP",China,CHN,Polity,data
G2,Intra-state (civil) wars,Colombia's Barracks Rebellion of 1854,Civil war - for central control: Colombia vs. Constitutionalists,Colombia,COL,Polity,data
G2,Intra-state (civil) wars,Colombian War of the Thousand Days of 1899-1902,"Civil war - for central control: Colombia vs. Venezuela, Ecuador, War Liberals",Colombia,COL,Polity,data
G2,Intra-state (civil) wars,Colombian War of the Thousand Days of 1899-1902,"Civil war - for central control: Colombia vs. Venezuela, Ecuador, War Liberals",Ecuador,ECU,Polity,data
G2,Intra-state (civil) wars,Colombian War of the Thousand Days of 1899-1902,"Civil war - for central control: Colombia vs. Venezuela, Ecuador, War Liberals",Venezuela,VEN,Polity,data
G2,Intra-state (civil) wars,Constituent Revolution  of 1859,Civil war - for central control: Chile vs. Constituents,Chile,CHL,Polity,data
G2,Intra-state (civil) wars,Constitutionalist Rebellion of 1865-1866,Civil war - for central control: Bolivia vs. Constitutionalists,Bolivia,BOL,Polity,data
G2,Intra-state (civil) wars,Contestado Rebellion of 1914-1915,Civil war - over local issues: Brazil vs. Fanaticos,Brazil,BRA,Polity,data
G2,Intra-state (civil) wars,Contra War of 1982-1988,Civil war - for central control: Nicaragua vs. Contras,Nicaragua,NIC,Polity,data
G2,Intra-state (civil) wars,Costa Rica War of 1948,Civil war - for central control: Costa Rica vs. Army of National Liberation,Costa Rica,COS,Polity,data
G2,Intra-state (civil) wars,Cote d'Ivoire Military War of 2002-2003,"Civil war - for central control: France, Cote d'Ivoire vs. New Forces",France,FRN,Polity,data
G2,Intra-state (civil) wars,Cote d'Ivoire Military War of 2002-2003,"Civil war - for central control: France, Cote d'Ivoire vs. New Forces",Ivory Coast,CDI,Polity,data
G2,Intra-state (civil) wars,Cristeros Revolt of 1926-1929,Civil war - for central control: Mexico vs. Cristeros,Mexico,MEX,Polity,data
G2,Intra-state (civil) wars,Croatia-Krajina War of 1995,Civil war - over local issues: Croatia vs. Krajinia Serbs,Croatia,CRO,Polity,data
G2,Intra-state (civil) wars,Croatian Independence War of 1991-1992,Civil war - over local issues: Yugoslavia vs. Croatia,Yugoslavia,YUG,Polity,data
G2,Intra-state (civil) wars,Cuban Black Uprising of 1912,Civil war - over local issues: Cuba vs. Partido Independiente de Color,Cuba,CUB,Polity,data
G2,Intra-state (civil) wars,Cuban Revolution of 1958-1959,Civil war - for central control: Cuba vs. Fidelistas,Cuba,CUB,Polity,data
G2,Intra-state (civil) wars,Cultural Revolution phase 2 of 1967-1968,Civil war - over local issues: China vs. Red Guards,China,CHN,Polity,data
G2,Intra-state (civil) wars,Dagestan Rebellion of 1920-1921,Civil war - over local issues: Soviet Russian Republic vs. Sharia Army,Russia,RUS,Polity,data
G2,Intra-state (civil) wars,Darfur Rebellion of 2003-2006,Civil war - over local issues: Sudan vs. SLA & JEM,Sudan,SUD,Polity,data
G2,Intra-state (civil) wars,De La Huerta Rebellion of 1923-1924,Civil war - for central control: Mexico vs. Huerta Led Rebels,Mexico,MEX,Polity,data
G2,Intra-state (civil) wars,Defeat of Xinjiang Muslims of 1876-1878,Civil war - over local issues: China vs. Xinjiang Muslims,China,CHN,Polity,data
G2,Intra-state (civil) wars,Dersim Revolt of 1937-1938,Civil war - over local issues: Turkey vs. Dersim Kurds,Turkey,TUR,Polity,data
G2,Intra-state (civil) wars,Dhofar Rebellion phase 2 of 1973-1975,"Civil war - over local issues: United Kingdom, Iran, Oman vs. PFLOAG",United Kingdom,UKG,Polity,data
G2,Intra-state (civil) wars,Dhofar Rebellion phase 2 of 1973-1975,"Civil war - over local issues: United Kingdom, Iran, Oman vs. PFLOAG",Oman,OMA,Polity,data
G2,Intra-state (civil) wars,Dhofar Rebellion phase 2 of 1973-1975,"Civil war - over local issues: United Kingdom, Iran, Oman vs. PFLOAG",Iran,IRN,Polity,data
G2,Intra-state (civil) wars,Diaz Revolt of 1876,Civil war - for central control: Mexico vs. Tuxtepecanos,Mexico,MEX,Polity,data
G2,Intra-state (civil) wars,Dniestrian Independence War of 1991-1992,"Civil war - over local issues: Moldova vs. USSR, Dniestria",Russia,RUS,Polity,data
G2,Intra-state (civil) wars,Dniestrian Independence War of 1991-1992,"Civil war - over local issues: Moldova vs. USSR, Dniestria",Moldova,MLD,Polity,data
G2,Intra-state (civil) wars,Dominican Republic War of 1965,"Civil war - for central control: United States of America, Dominican Republic vs. Constitutionalists",United States of America,USA,Polity,data
G2,Intra-state (civil) wars,Dominican Republic War of 1965,"Civil war - for central control: United States of America, Dominican Republic vs. Constitutionalists",Dominican Republic,DOM,Polity,data
G2,Intra-state (civil) wars,Donbas War of 2014-present,"Civil war - over local issues: Ukraine vs. Russia, Separatists",Ukraine,UKR,Polity,data
G2,Intra-state (civil) wars,Donbas War of 2014-present,"Civil war - over local issues: Ukraine vs. Russia, Separatists",Russia,RUS,Polity,data
G2,Intra-state (civil) wars,Druze Rebellion of 1852,Civil war - over local issues: Ottoman Empire vs. Druze Alliance,Turkey,TUR,Polity,data
G2,Intra-state (civil) wars,Druze Rebellion of 1895-1896,Civil war - over local issues: Ottoman Empire vs. Druzes,Turkey,TUR,Polity,data
G2,Intra-state (civil) wars,East Timorese War phase 3 of 1976-1979,Civil war - over local issues: Indonesia vs. FRETILIN,Indonesia,INS,Polity,data
G2,Intra-state (civil) wars,Ecuador's Veintemilla Revolt of 1876,Civil war - for central control: Ecuador vs. Liberals,Ecuador,ECU,Polity,data
G2,Intra-state (civil) wars,Ecuador Liberals War of 1895,Civil war - for central control: Ecuador vs. Liberals,Ecuador,ECU,Polity,data
G2,Intra-state (civil) wars,Ecuadorian Civil War of 1913-1916,Civil war - for central control: Ecuador vs. Conchistas,Ecuador,ECU,Polity,data
G2,Intra-state (civil) wars,Ecuadorian Conservative Revolt of 1896,Civil war - for central control: Ecuador vs. Conservatives,Ecuador,ECU,Polity,data
G2,Intra-state (civil) wars,El Salvador War of 1979-1992,Civil war - for central control: El Salvador vs. Salvadorian Democratic Front,El Salvador,SAL,Polity,data
G2,Intra-state (civil) wars,Epirus Revolt of 1854,Civil war - over local issues: Ottoman Empire vs. Greek Nationalists,Turkey,TUR,Polity,data
G2,Intra-state (civil) wars,Eritrean War of 1975-1979,"Civil war - over local issues: Cuba, Ethiopia vs. EPLF and ELF",Cuba,CUB,Polity,data
G2,Intra-state (civil) wars,Eritrean War of 1975-1979,"Civil war - over local issues: Cuba, Ethiopia vs. EPLF and ELF",Ethiopia,ETH,Polity,data
G2,Intra-state (civil) wars,Escobar Rebellion of 1929,Civil war - for central control: Mexico vs. Escobar-led Rebels,Mexico,MEX,Polity,data
G2,Intra-state (civil) wars,Ethiopian Northern Resistance of 1928-1930,Civil war - over local issues: Ethiopia vs. Northern Resistance,Ethiopia,ETH,Polity,data
G2,Intra-state (civil) wars,Far Eastern Republic War of 1921-1923,Civil war - for central control: Soviet Russian Republic vs. Belopovstantsy,Russia,RUS,Polity,data
G2,Intra-state (civil) wars,FARC/ELN War of 1988-2015,Civil war - for central control: Colombia vs. Leftist Rebels and Drug Cartels,Colombia,COL,Polity,data
G2,Intra-state (civil) wars,Farroupilha War of 1835-1845,Civil war - over local issues: Brazil vs. Farrapos,Brazil,BRA,Polity,data
G2,Intra-state (civil) wars,Fifth Colombian War of 1884-1885,Civil war - for central control: Colombia vs. War Liberals,Colombia,COL,Polity,data
G2,Intra-state (civil) wars,Fifth Iraqi  Kurds War of 1985-1988,"Civil war - over local issues: Iraq vs. Iran, Kurds",Iraq,IRQ,Polity,data
G2,Intra-state (civil) wars,Fifth Iraqi  Kurds War of 1985-1988,"Civil war - over local issues: Iraq vs. Iran, Kurds",Iran,IRN,Polity,data
G2,Intra-state (civil) wars,Fifth Lebanese War of 1989-1990,"Civil war - for central control: Lebanon vs. Syria, Lahoud Faction",Syria,SYR,Polity,data
G2,Intra-state (civil) wars,Fifth Lebanese War of 1989-1990,"Civil war - for central control: Lebanon vs. Syria, Lahoud Faction",Lebanon,LEB,Polity,data
G2,Intra-state (civil) wars,Fifth Venezuelan War of 1901-1903,Civil war - for central control: Venezuela vs. Matos-led Rebels,Venezuela,VEN,Polity,data
G2,Intra-state (civil) wars,Finnish Civil War of 1918,"Civil war - for central control: Germany, Finland vs. USSR, Red Guard",Germany,GMY,Polity,data
G2,Intra-state (civil) wars,Finnish Civil War of 1918,"Civil war - for central control: Germany, Finland vs. USSR, Red Guard",Finland,FIN,Polity,data
G2,Intra-state (civil) wars,Finnish Civil War of 1918,"Civil war - for central control: Germany, Finland vs. USSR, Red Guard",Russia,RUS,Polity,data
G2,Intra-state (civil) wars,First Aceh War of 1990-1991,Civil war - over local issues: Indonesia vs. GAM,Indonesia,INS,Polity,data
G2,Intra-state (civil) wars,First Afghan Anti-Reform War of 1924-1925,Civil war - for central control: Afghanistan vs. Khost Rebels,Afghanistan,AFG,Polity,data
G2,Intra-state (civil) wars,First Al-Houthi Rebellion of 2004-2005,Civil war - for central control: Yemen vs. Houthi Rebels,Yemen,YEM,Polity,data
G2,Intra-state (civil) wars,First Albanian Revolt of 1830-1832,Civil war - over local issues: Ottoman Empire vs. Albanians and Bosnians,Turkey,TUR,Polity,data
G2,Intra-state (civil) wars,First Argentina War phase 2 of 1841-1842,Civil war - for central control: Argentina vs. Unitarios,Argentina,ARG,Polity,data
G2,Intra-state (civil) wars,First Bosnian War of 1836,Civil war - over local issues: Ottoman Empire vs. Bosnians,Turkey,TUR,Polity,data
G2,Intra-state (civil) wars,First Burmese War of 1948-1950,Civil war - for central control: Burma vs. Karens and Communists,Myanmar,MYA,Polity,data
G2,Intra-state (civil) wars,First Burundi War of 1972,Civil war - for central control: Burundi vs. Hutu,Burundi,BUI,Polity,data
G2,Intra-state (civil) wars,First Carlist War of 1834-1840,"Civil war - for central control: United Kingdom, France, Spain, Portugal vs. Carlists",Spain,SPN,Polity,data
G2,Intra-state (civil) wars,First Carlist War of 1834-1840,"Civil war - for central control: United Kingdom, France, Spain, Portugal vs. Carlists",United Kingdom,UKG,Polity,data
G2,Intra-state (civil) wars,First Carlist War of 1834-1840,"Civil war - for central control: United Kingdom, France, Spain, Portugal vs. Carlists",France,FRN,Polity,data
G2,Intra-state (civil) wars,First Carlist War of 1834-1840,"Civil war - for central control: United Kingdom, France, Spain, Portugal vs. Carlists",Portugal,POR,Polity,data
G2,Intra-state (civil) wars,First Caucasus War of 1818-1822,Civil war - over local issues: Russia vs. Caucasus Rebels,Russia,RUS,Polity,data
G2,Intra-state (civil) wars,First Chad Rebellion of 1968-1971,"Civil war - for central control: France, Chad vs. FROLINAT",Chad,CHA,Polity,data
G2,Intra-state (civil) wars,First Chad Rebellion of 1968-1971,"Civil war - for central control: France, Chad vs. FROLINAT",France,FRN,Polity,data
G2,Intra-state (civil) wars,First Chechnya War of 1994-1996,Civil war - over local issues: Russia vs. Chechnya,Russia,RUS,Polity,data
G2,Intra-state (civil) wars,First Chilean War of 1851-1852,Civil war - for central control: Chile vs. Liberals,Chile,CHL,Polity,data
G2,Intra-state (civil) wars,First Colombian War of 1840-1842,Civil war - for central control: Colombia vs. Progressives,Colombia,COL,Polity,data
G2,Intra-state (civil) wars,First Congo-Brazzaville War of 1997,"Civil war - for central control: Republic of the Congo vs. Angola, Cobra militia",Congo,CON,Polity,data
G2,Intra-state (civil) wars,First Congo-Brazzaville War of 1997,"Civil war - for central control: Republic of the Congo vs. Angola, Cobra militia",Angola,ANG,Polity,data
G2,Intra-state (civil) wars,First Cretan War of 1866-1868,Civil war - over local issues: Ottoman Empire vs. Cretans,Turkey,TUR,Polity,data
G2,Intra-state (civil) wars,First DRC War of 1960-1963,"Civil war - over local issues: Democratic Republic of the Congo vs. Belgium, Anti-Lumumba Coalition",Democratic Republic of the Congo,DRC,Polity,data
G2,Intra-state (civil) wars,First DRC War of 1960-1963,"Civil war - over local issues: Democratic Republic of the Congo vs. Belgium, Anti-Lumumba Coalition",Belgium,BEL,Polity,data
G2,Intra-state (civil) wars,First Entre Rios War of 1870-1871,Civil war - over local issues: Argentina vs. Entre Rios,Argentina,ARG,Polity,data
G2,Intra-state (civil) wars,First French Insurrection of 1830,Civil war - for central control: France vs. Liberals,France,FRN,Polity,data
G2,Intra-state (civil) wars,First Gansu Muslim War of 1895-1896,Civil war - over local issues: China vs. Gansu Muslims,China,CHN,Polity,data
G2,Intra-state (civil) wars,First Guatemala War of 1966-1968,"Civil war - for central control: United States, Guatemala vs. Leftists",United States of America,USA,Polity,data
G2,Intra-state (civil) wars,First Guatemala War of 1966-1968,"Civil war - for central control: United States, Guatemala vs. Leftists",Guatemala,GUA,Polity,data
G2,Intra-state (civil) wars,First Iraqi Kurds War of 1961-1963,"Civil war - over local issues: Iraq, Syria vs. Kurds",Syria,SYR,Polity,data
G2,Intra-state (civil) wars,First Iraqi Kurds War of 1961-1963,"Civil war - over local issues: Iraq, Syria vs. Kurds",Iraq,IRQ,Polity,data
G2,Intra-state (civil) wars,First Khmer Rouge War of 1971-1975,"Civil war - for central control: United States of America, Cambodia, Republic of Vietnam vs. Democratic Republic of Vietnam, Khmer Rouge",Republic of Vietnam,RVN,Polity,data
G2,Intra-state (civil) wars,First Khmer Rouge War of 1971-1975,"Civil war - for central control: United States of America, Cambodia, Republic of Vietnam vs. Democratic Republic of Vietnam, Khmer Rouge",Cambodia,CAM,Polity,data
G2,Intra-state (civil) wars,First Khmer Rouge War of 1971-1975,"Civil war - for central control: United States of America, Cambodia, Republic of Vietnam vs. Democratic Republic of Vietnam, Khmer Rouge",United States of America,USA,Polity,data
G2,Intra-state (civil) wars,First Khmer Rouge War of 1971-1975,"Civil war - for central control: United States of America, Cambodia, Republic of Vietnam vs. Democratic Republic of Vietnam, Khmer Rouge",Vietnam,DRV,Polity,data
G2,Intra-state (civil) wars,First Laotian War of 1960-1968,"Civil war - for central control: United States of America, Laos vs. Democratic Republic of Vietnam, Pathet Lao",Laos,LAO,Polity,data
G2,Intra-state (civil) wars,First Laotian War of 1960-1968,"Civil war - for central control: United States of America, Laos vs. Democratic Republic of Vietnam, Pathet Lao",United States of America,USA,Polity,data
G2,Intra-state (civil) wars,First Laotian War of 1960-1968,"Civil war - for central control: United States of America, Laos vs. Democratic Republic of Vietnam, Pathet Lao",Vietnam,DRV,Polity,data
G2,Intra-state (civil) wars,First Lebanese War of 1958,"Civil war - for central control: United States of America, Lebanon vs. Syria, National Front",Lebanon,LEB,Polity,data
G2,Intra-state (civil) wars,First Lebanese War of 1958,"Civil war - for central control: United States of America, Lebanon vs. Syria, National Front",United States of America,USA,Polity,data
G2,Intra-state (civil) wars,First Lebanese War of 1958,"Civil war - for central control: United States of America, Lebanon vs. Syria, National Front",Syria,SYR,Polity,data
G2,Intra-state (civil) wars,First Liberian War of 1989-1990,"Civil war - for central control: Guinea, Liberia, Ghana, Nigeria vs. NPFL and INPFL",Nigeria,NIG,Polity,data
G2,Intra-state (civil) wars,First Liberian War of 1989-1990,"Civil war - for central control: Guinea, Liberia, Ghana, Nigeria vs. NPFL and INPFL",Liberia,LBR,Polity,data
G2,Intra-state (civil) wars,First Liberian War of 1989-1990,"Civil war - for central control: Guinea, Liberia, Ghana, Nigeria vs. NPFL and INPFL",Ghana,GHA,Polity,data
G2,Intra-state (civil) wars,First Liberian War of 1989-1990,"Civil war - for central control: Guinea, Liberia, Ghana, Nigeria vs. NPFL and INPFL",Guinea,GUI,Polity,data
G2,Intra-state (civil) wars,First Mexican War of 1832,Civil war - for central control: Mexico vs. Liberals,Mexico,MEX,Polity,data
G2,Intra-state (civil) wars,First Murid War of 1830-1832,Civil war - over local issues: Russia vs. Murids,Russia,RUS,Polity,data
G2,Intra-state (civil) wars,First Nationalist Revolution of 1911,Civil war - for central control: China vs. Republicans,China,CHN,Polity,data
G2,Intra-state (civil) wars,First Ogaden War of 1963-1964,"Civil war - over local issues: Ethiopia vs. Somalia, OLF",Ethiopia,ETH,Polity,data
G2,Intra-state (civil) wars,First Ogaden War of 1963-1964,"Civil war - over local issues: Ethiopia vs. Somalia, OLF",Somalia,SOM,Polity,data
G2,Intra-state (civil) wars,First Philippine - Moro War of 1972-1981,Civil war - over local issues: Philippines vs. MNLF Moros,Philippines,PHI,Polity,data
G2,Intra-state (civil) wars,First Philippines - NPA War of 1981-1992,Civil war - for central control: Philippines vs. NPA,Philippines,PHI,Polity,data
G2,Intra-state (civil) wars,First Polish War of 1831,Civil war - over local issues: Russia vs. Poland,Russia,RUS,Polity,data
G2,Intra-state (civil) wars,First Rwanda War of 1963-1964,Civil war - for central control: Rwanda vs. Tutsi Rebels,Rwanda,RWA,Polity,data
G2,Intra-state (civil) wars,First Sierra Leone War of 1991-1996,"Civil war - for central control: Sierra Leone, Nigeria vs. RUF",Sierra Leone,SIE,Polity,data
G2,Intra-state (civil) wars,First Sierra Leone War of 1991-1996,"Civil war - for central control: Sierra Leone, Nigeria vs. RUF",Nigeria,NIG,Polity,data
G2,Intra-state (civil) wars,First Somalia War of 1988-1991,Civil war - for central control: Somalia vs. SNM,Somalia,SOM,Polity,data
G2,Intra-state (civil) wars,First South Sudan War of 1963-1972,"Civil war - over local issues: Sudan, Egypt vs. Anya Nya",Egypt,EGY,Polity,data
G2,Intra-state (civil) wars,First South Sudan War of 1963-1972,"Civil war - over local issues: Sudan, Egypt vs. Anya Nya",Sudan,SUD,Polity,data
G2,Intra-state (civil) wars,First Sri Lanka-JVP War of 1971,Civil war - for central control: Sri Lanka vs. JVP,Sri Lanka,SRI,Polity,data
G2,Intra-state (civil) wars,First Sri Lanka Tamil War of 1983-1987,Civil war - over local issues: Sri Lanka vs. Tamil Rebels,Sri Lanka,SRI,Polity,data
G2,Intra-state (civil) wars,First Syrian War of 1831-1832,Civil war - over local issues: Ottoman Empire vs. Egypt,Turkey,TUR,Polity,data
G2,Intra-state (civil) wars,First Turco-Montenegrin War of 1852-1853,Civil war - over local issues: Ottoman Empire vs. Montenegro and Hercegovina,Turkey,TUR,Polity,data
G2,Intra-state (civil) wars,First Turkish Kurds War of 1984-1986,Civil war - over local issues: Turkey vs. PKK,Turkey,TUR,Polity,data
G2,Intra-state (civil) wars,First Two Sicilies War of 1820-1821,"Civil war - for central control: Austria, Two Sicilies vs. Liberals",Austria-Hungary,AUH,Polity,data
G2,Intra-state (civil) wars,First Two Sicilies War of 1820-1821,"Civil war - for central control: Austria, Two Sicilies vs. Liberals",Two Sicilies,SIC,Polity,data
G2,Intra-state (civil) wars,First Uganda War of 1966,Civil war - over local issues: Uganda vs. Buganda,Uganda,UGA,Polity,data
G2,Intra-state (civil) wars,First Uruguay War of 1904,Civil war - for central control: Uruguay vs. Blancos,Uruguay,URU,Polity,data
G2,Intra-state (civil) wars,First Venezuela War of 1848-1849,Civil war - for central control: Venezuela vs. Paez-led Rebels,Venezuela,VEN,Polity,data
G2,Intra-state (civil) wars,First Waziristan War of 2004-2006,"Civil war - over local issues: United States, Pakistan vs. Waziri tribes",Pakistan,PAK,Polity,data
G2,Intra-state (civil) wars,First Waziristan War of 2004-2006,"Civil war - over local issues: United States, Pakistan vs. Waziri tribes",United States of America,USA,Polity,data
G2,Intra-state (civil) wars,First West Papua War of 1967-1968,Civil war - over local issues: Indonesia vs. OPM,Indonesia,INS,Polity,data
G2,Intra-state (civil) wars,First Yemeni Imamate  Rebellion of 1890-1892,Civil war - over local issues: Ottoman Empire vs. Yemen,Turkey,TUR,Polity,data
G2,Intra-state (civil) wars,First Zhili-Fengtien War of 1922,Civil war - for central control: China vs. Zhili Faction,China,CHN,Polity,data
G2,Intra-state (civil) wars,Forest Brethren War of 1945-1949,Civil war - over local issues: USSR vs. Baltic Partisans,Russia,RUS,Polity,data
G2,Intra-state (civil) wars,Fourth Buenos Aires War of 1880,Civil war - over local issues: Argentina vs. Buenos Aires,Argentina,ARG,Polity,data
G2,Intra-state (civil) wars,Fourth Colombian War of 1876-1877,Civil war - for central control: Colombia vs. Conservatives,Colombia,COL,Polity,data
G2,Intra-state (civil) wars,Fourth Guatemala of 1987 to 1990,Civil war - for central control: Guatemala vs. Leftists,Guatemala,GUA,Polity,data
G2,Intra-state (civil) wars,Fourth Iraqi  Kurds War of 1974-1975,"Civil war - over local issues: Iraq vs. Iran, KDP-Barzani",Iraq,IRQ,Polity,data
G2,Intra-state (civil) wars,Fourth Iraqi  Kurds War of 1974-1975,"Civil war - over local issues: Iraq vs. Iran, KDP-Barzani",Iran,IRN,Polity,data
G2,Intra-state (civil) wars,Fourth Lebanese War of 1983-1984,"Civil war - for central control: United States, France, Lebanon vs. Iran, Syria, Shi'ites and Druzes",United States of America,USA,Polity,data
G2,Intra-state (civil) wars,Fourth Lebanese War of 1983-1984,"Civil war - for central control: United States, France, Lebanon vs. Iran, Syria, Shi'ites and Druzes",Syria,SYR,Polity,data
G2,Intra-state (civil) wars,Fourth Lebanese War of 1983-1984,"Civil war - for central control: United States, France, Lebanon vs. Iran, Syria, Shi'ites and Druzes",Lebanon,LEB,Polity,data
G2,Intra-state (civil) wars,Fourth Lebanese War of 1983-1984,"Civil war - for central control: United States, France, Lebanon vs. Iran, Syria, Shi'ites and Druzes",Iran,IRN,Polity,data
G2,Intra-state (civil) wars,Fourth Lebanese War of 1983-1984,"Civil war - for central control: United States, France, Lebanon vs. Iran, Syria, Shi'ites and Druzes",France,FRN,Polity,data
G2,Intra-state (civil) wars,Fourth Mexican War of 1914-1920,"Civil war - for central control: United States, Mexico vs. Conventionists",United States of America,USA,Polity,data
G2,Intra-state (civil) wars,Fourth Mexican War of 1914-1920,"Civil war - for central control: United States, Mexico vs. Conventionists",Mexico,MEX,Polity,data
G2,Intra-state (civil) wars,Fourth Rwanda War of 2001,Civil war - for central control: Rwanda vs. ALiR,Rwanda,RWA,Polity,data
G2,Intra-state (civil) wars,Fourth Venezuelan War of 1899,Civil war - for central control: Venezuela vs. Castro-led Rebels,Venezuela,VEN,Polity,data
G2,Intra-state (civil) wars,Fukien Revolt of 1933-1934,Civil war - for central control: China vs. 19th Route Army,China,CHN,Polity,data
G2,Intra-state (civil) wars,Georgia War of 1991-1993,Civil war - for central control: Georgia vs. Reform Movement,Georgia,GRG,Polity,data
G2,Intra-state (civil) wars,Gilan Marxists Rebellion of 1920-1921,"Civil war - for central control: United Kingdom, Iran vs. USSR, SSRI",United Kingdom,UKG,Polity,data
G2,Intra-state (civil) wars,Gilan Marxists Rebellion of 1920-1921,"Civil war - for central control: United Kingdom, Iran vs. USSR, SSRI",Iran,IRN,Polity,data
G2,Intra-state (civil) wars,Gilan Marxists Rebellion of 1920-1921,"Civil war - for central control: United Kingdom, Iran vs. USSR, SSRI",Russia,RUS,Polity,data
G2,Intra-state (civil) wars,Greater Chechnya Revolt of 1825-1826,Civil war - over local issues: Russia vs. Chechnya,Russia,RUS,Polity,data
G2,Intra-state (civil) wars,Greek Civil War  round 2 of 1944-1945,Civil war - for central control: Greece vs. EAM-ELAS,Greece,GRC,Polity,data
G2,Intra-state (civil) wars,Greek Civil War round 2 of 1944-1945,Civil war - for central control: United Kingdom vs. ,United Kingdom,UKG,Polity,data
G2,Intra-state (civil) wars,Greek Civil War round 3 of 1946-1949,"Civil war - for central control: United Kingdom, Greece vs. Communists",United Kingdom,UKG,Polity,data
G2,Intra-state (civil) wars,Greek Civil War round 3 of 1946-1949,"Civil war - for central control: United Kingdom, Greece vs. Communists",Greece,GRC,Polity,data
G2,Intra-state (civil) wars,Greek Independence War of 1821-1828,"Civil war - over local issues: Ottoman Empire vs. United Kingdom, France, Russia, Greeks",Turkey,TUR,Polity,data
G2,Intra-state (civil) wars,Greek Independence War of 1821-1828,"Civil war - over local issues: Ottoman Empire vs. United Kingdom, France, Russia, Greeks",France,FRN,Polity,data
G2,Intra-state (civil) wars,Greek Independence War of 1821-1828,"Civil war - over local issues: Ottoman Empire vs. United Kingdom, France, Russia, Greeks",Russia,RUS,Polity,data
G2,Intra-state (civil) wars,Greek Independence War of 1821-1828,"Civil war - over local issues: Ottoman Empire vs. United Kingdom, France, Russia, Greeks",United Kingdom,UKG,Polity,data
G2,Intra-state (civil) wars,Greek Nationalists of Macedonia War of 1854,Civil war - over local issues: Ottoman Empire vs. Greek Nationalists in Macedonia,Turkey,TUR,Polity,data
G2,Intra-state (civil) wars,Green Rebellion of 1920-1921,Civil war - over local issues: Soviet Russian Republic vs. Tambov Peasants,Russia,RUS,Polity,data
G2,Intra-state (civil) wars,Guerre des Cacos of 1868-1869,Civil war - for central control: Haiti vs. Cacos,Haiti,HAI,Polity,data
G2,Intra-state (civil) wars,Guinea-Bissau Military War of 1998-1999,"Civil war - for central control: Guinea-Bissau, Senegal, Guinea vs. Mane Junta",Guinea,GUI,Polity,data
G2,Intra-state (civil) wars,Guinea-Bissau Military War of 1998-1999,"Civil war - for central control: Guinea-Bissau, Senegal, Guinea vs. Mane Junta",Senegal,SEN,Polity,data
G2,Intra-state (civil) wars,Guinea-Bissau Military War of 1998-1999,"Civil war - for central control: Guinea-Bissau, Senegal, Guinea vs. Mane Junta",Guinea-Bissau,GNB,Polity,data
G2,Intra-state (civil) wars,Guinean War of 2000-2001,Civil war - for central control: Guinea vs. RDFG,Guinea,GUI,Polity,data
G2,Intra-state (civil) wars,Hafiziyya Uprising of 1907-1908,"Civil war - for central control: France, Morocco vs. Mulai el-Hafid-led Forces",Morocco,MOR,Polity,data
G2,Intra-state (civil) wars,Hafiziyya Uprising of 1907-1908,"Civil war - for central control: France, Morocco vs. Mulai el-Hafid-led Forces",France,FRN,Polity,data
G2,Intra-state (civil) wars,Haitian Civil War of 1883-1884,Civil war - for central control: Haiti vs. Liberals,Haiti,HAI,Polity,data
G2,Intra-state (civil) wars,Hama Uprising of 1982,Civil war - for central control: Syria vs. Muslim Brotherhood,Syria,SYR,Polity,data
G2,Intra-state (civil) wars,Hawran Druze Rebellion of 1910,Civil war - over local issues: Ottoman Empire vs. Druzes,Turkey,TUR,Polity,data
G2,Intra-state (civil) wars,Holy Spirit Movement War of 1986-1987,Civil war - for central control: Uganda vs. HSMF,Uganda,UGA,Polity,data
G2,Intra-state (civil) wars,Honduran Conservative War of 1924,Civil war - for central control: Honduras vs. Conservatives,Honduras,HON,Polity,data
G2,Intra-state (civil) wars,Huk Rebellion of 1950-1954,Civil war - over local issues: Philippines vs. Huks,Philippines,PHI,Polity,data
G2,Intra-state (civil) wars,Hungarian War of 1848-1849,"Civil war - over local issues: Austria, Russia vs. Hungary",Austria-Hungary,AUH,Polity,data
G2,Intra-state (civil) wars,Hungarian War of 1848-1849,"Civil war - over local issues: Austria, Russia vs. Hungary",Russia,RUS,Polity,data
G2,Intra-state (civil) wars,Hungary's Red and White Terror of 1919-1920,Civil war - for central control: Hungary vs. Whites,Hungary,HUN,Polity,data
G2,Intra-state (civil) wars,Ikhwan Revolt of 1929-1930,Civil war - for central control: Saudi Arabia vs. Ikhwan,Saudi Arabia,SAU,Polity,data
G2,Intra-state (civil) wars,Ili Uprising of 1944-1945,Civil war - over local issues: China vs. East Turkestan Republic,China,CHN,Polity,data
G2,Intra-state (civil) wars,Ilinden War of 1902-1903,Civil war - over local issues: Ottoman Empire vs. IMRO,Turkey,TUR,Polity,data
G2,Intra-state (civil) wars,Indian Golden Temple War of 1984,Civil war - over local issues: India vs. Sikh Rebels,India,IND,Polity,data
G2,Intra-state (civil) wars,Indonesia Darul Islam Rebellion of 1951-1962,Civil war - for central control: Indonesia vs. Darul Islam,Indonesia,INS,Polity,data
G2,Intra-state (civil) wars,Iranian Constitution War of 1908-1909,"Civil war - for central control: Russia, Iran vs. Constitutionalists",Iran,IRN,Polity,data
G2,Intra-state (civil) wars,Iranian Constitution War of 1908-1909,"Civil war - for central control: Russia, Iran vs. Constitutionalists",Russia,RUS,Polity,data
G2,Intra-state (civil) wars,Iranian Islamic Revolution of 1978-1979,Civil war - for central control: Iran vs. Anti-Shah Coalition,Iran,IRN,Polity,data
G2,Intra-state (civil) wars,Iraqi Shiite Rebellion of 1991,Civil war - for central control: Iraq vs. Shiites and SAIRI,Iraq,IRQ,Polity,data
G2,Intra-state (civil) wars,Iraqi Sunni Revolt of 2010-2014,"Civil war - for central control: United States of America, Iraq vs. Sunni Rebels",United States of America,USA,Polity,data
G2,Intra-state (civil) wars,Iraqi Sunni Revolt of 2010-2014,"Civil war - for central control: United States of America, Iraq vs. Sunni Rebels",Iraq,IRQ,Polity,data
G2,Intra-state (civil) wars,Janissari Revolt of 1826,Civil war - for central control: Ottoman Empire vs. Janissaries,Turkey,TUR,Polity,data
G2,Intra-state (civil) wars,Kachin Rebellion of 2011-2013,Civil war - over local issues: Myanmar vs. KIA,Myanmar,MYA,Polity,data
G2,Intra-state (civil) wars,Kanto Insurrection of 1864-1865,Civil war - for central control: Japan vs. Mito Rebels,Japan,JPN,Polity,data
G2,Intra-state (civil) wars,Karbala Revolt of 1842-1843,Civil war - over local issues: Ottoman Empire vs. Karbala Gangs,Turkey,TUR,Polity,data
G2,Intra-state (civil) wars,Kashmir Insurgency of 1992-2005,Civil war - over local issues: India vs. Kashmiri Guerillas,India,IND,Polity,data
G2,Intra-state (civil) wars,KMT-CCP Clashes of 1939-1941,Civil war - for central control: China vs. CCP,China,CHN,Polity,data
G2,Intra-state (civil) wars,Kosovo Independence War of 1998-1999,Civil war - over local issues: Yugoslavia vs. Kosovo,Yugoslavia,YUG,Polity,data
G2,Intra-state (civil) wars,Kronstadt Rebellion of 1921,Civil war - for central control: Soviet Russian Republic vs. Sailors,Russia,RUS,Polity,data
G2,Intra-state (civil) wars,La Violencia first wave of 1948-1953,Civil war - for central control: Colombia vs. Liberals,Colombia,COL,Polity,data
G2,Intra-state (civil) wars,La Violencia second wave of 1955-1962,Civil war - for central control: Colombia vs. Liberal Guerillas,Colombia,COL,Polity,data
G2,Intra-state (civil) wars,Liangshan Rebellion of 1955-1957,Civil war - over local issues: China vs. Liangshan Rebels,China,CHN,Polity,data
G2,Intra-state (civil) wars,Liberia-LURD War of 2002-2003,Civil war - for central control: Liberia vs. LURD & MODEL,Liberia,LBR,Polity,data
G2,Intra-state (civil) wars,Libyan Civil War of 2011,"Civil war - for central control: Libya vs. United States of America, United Kingdom, France, Canada, Italy, Spain, NLA",France,FRN,Polity,data
G2,Intra-state (civil) wars,Libyan Civil War of 2011,"Civil war - for central control: Libya vs. United States of America, United Kingdom, France, Canada, Italy, Spain, NLA",United Kingdom,UKG,Polity,data
G2,Intra-state (civil) wars,Libyan Civil War of 2011,"Civil war - for central control: Libya vs. United States of America, United Kingdom, France, Canada, Italy, Spain, NLA",Italy,ITA,Polity,data
G2,Intra-state (civil) wars,Libyan Civil War of 2011,"Civil war - for central control: Libya vs. United States of America, United Kingdom, France, Canada, Italy, Spain, NLA",United States of America,USA,Polity,data
G2,Intra-state (civil) wars,Libyan Civil War of 2011,"Civil war - for central control: Libya vs. United States of America, United Kingdom, France, Canada, Italy, Spain, NLA",Canada,CAN,Polity,data
G2,Intra-state (civil) wars,Libyan Civil War of 2011,"Civil war - for central control: Libya vs. United States of America, United Kingdom, France, Canada, Italy, Spain, NLA",Spain,SPN,Polity,data
G2,Intra-state (civil) wars,Libyan Civil War of 2011,"Civil war - for central control: Libya vs. United States of America, United Kingdom, France, Canada, Italy, Spain, NLA",Libya,LIB,Polity,data
G2,Intra-state (civil) wars,Libyan Insurrection of 1855-1856,Civil war - over local issues: Ottoman Empire vs. Libyan Rebels,Turkey,TUR,Polity,data
G2,Intra-state (civil) wars,Mahdist Rebellion  phase 1 of 1881-1882,Civil war - over local issues: Egypt vs. Mahdists,Egypt,EGY,Polity,data
G2,Intra-state (civil) wars,Matanza War of 1932,Civil war - for central control: El Salvador vs. Leftists,El Salvador,SAL,Polity,data
G2,Intra-state (civil) wars,Mayan Caste War phase 2 of 1848-1855,Civil war - over local issues: Mexico vs. Mayans,Mexico,MEX,Polity,data
G2,Intra-state (civil) wars,Meiji Restoration of 1868-1869,Civil war - for central control: Japan vs. Tokugawa Bafuku,Japan,JPN,Polity,data
G2,Intra-state (civil) wars,Mexican Reform of 1858-1861,Civil war - for central control: Mexico vs. Liberals,Mexico,MEX,Polity,data
G2,Intra-state (civil) wars,Miao Rebellion phase 2 of 1860-1872,Civil war - over local issues: China vs. Miao,China,CHN,Polity,data
G2,Intra-state (civil) wars,Miguelite War of 1832-1834,"Civil war - for central control: Portugal vs. United Kingdom, Constitutionalists",United Kingdom,UKG,Polity,data
G2,Intra-state (civil) wars,Miguelite War of 1832-1834,"Civil war - for central control: Portugal vs. United Kingdom, Constitutionalists",Portugal,POR,Polity,data
G2,Intra-state (civil) wars,Milan Five Day Revolt of 1848,Civil war - over local issues: Austria vs. Milan Liberals,Austria-Hungary,AUH,Polity,data
G2,Intra-state (civil) wars,Mitre Rebellion of 1874,Civil war - for central control: Argentina vs. Mitre-led Rebels,Argentina,ARG,Polity,data
G2,Intra-state (civil) wars,Mongolian Armed Uprising of 1932,"Civil war - over local issues: USSR, Mongolia vs. Buddhist Rebels",Mongolia,MON,Polity,data
G2,Intra-state (civil) wars,Mongolian Armed Uprising of 1932,"Civil war - over local issues: USSR, Mongolia vs. Buddhist Rebels",Russia,RUS,Polity,data
G2,Intra-state (civil) wars,Mosul Revolt of 1959,Civil war - for central control: Iraq vs. Pro-Western Factions,Iraq,IRQ,Polity,data
G2,Intra-state (civil) wars,Mozambique War of 1981-1992,"Civil war - for central control: Cuba, Tanzania, Mozambique, Zimbabwe, Malawi vs. RENAMO",Tanzania,TAZ,Polity,data
G2,Intra-state (civil) wars,Mozambique War of 1981-1992,"Civil war - for central control: Cuba, Tanzania, Mozambique, Zimbabwe, Malawi vs. RENAMO",Zimbabwe,ZIM,Polity,data
G2,Intra-state (civil) wars,Mozambique War of 1981-1992,"Civil war - for central control: Cuba, Tanzania, Mozambique, Zimbabwe, Malawi vs. RENAMO",Malawi,MAW,Polity,data
G2,Intra-state (civil) wars,Mozambique War of 1981-1992,"Civil war - for central control: Cuba, Tanzania, Mozambique, Zimbabwe, Malawi vs. RENAMO",Mozambique,MZM,Polity,data
G2,Intra-state (civil) wars,Mozambique War of 1981-1992,"Civil war - for central control: Cuba, Tanzania, Mozambique, Zimbabwe, Malawi vs. RENAMO",Cuba,CUB,Polity,data
G2,Intra-state (civil) wars,Mujahideen Uprising of 1978-1980,"Civil war - for central control: Russia, Afghanistan vs. Mujahideen",Afghanistan,AFG,Polity,data
G2,Intra-state (civil) wars,Mujahideen Uprising of 1978-1980,"Civil war - for central control: Russia, Afghanistan vs. Mujahideen",Russia,RUS,Polity,data
G2,Intra-state (civil) wars,Naga Insurgency phase 1 of 1956-1957,Civil war - over local issues: India vs. Naga Home Guard,India,IND,Polity,data
G2,Intra-state (civil) wars,Nagorno-Karabakh War of 1991-1993,"Civil war - over local issues: Azerbaijan vs. Armenia, Nagorno-Karabakh",Azerbaijan,AZE,Polity,data
G2,Intra-state (civil) wars,Nagorno-Karabakh War of 1991-1993,"Civil war - over local issues: Azerbaijan vs. Armenia, Nagorno-Karabakh",Armenia,ARM,Polity,data
G2,Intra-state (civil) wars,Naxalite Rebellion of 1970-1971,Civil war - for central control: India vs. Naxalite Marxists,India,IND,Polity,data
G2,Intra-state (civil) wars,Negus Mikael Revolt of 1916-1917,Civil war - for central control: Ethiopia vs. Negus Mikael-led Rebels,Ethiopia,ETH,Polity,data
G2,Intra-state (civil) wars,Nepal Maoist Insurgency of 2001-2006,Civil war - for central control: Nepal vs. MPLA,Nepal,NEP,Polity,data
G2,Intra-state (civil) wars,Nigeria - Muslim War of 1980-1981,Civil war - over local issues: Nigeria vs. Al Masifu Sect,Nigeria,NIG,Polity,data
G2,Intra-state (civil) wars,Nish Uprising of 1841,Civil war - over local issues: Ottoman Empire vs. Nish,Turkey,TUR,Polity,data
G2,Intra-state (civil) wars,North Mali War of 2012-2013,"Civil war - over local issues: France, Mali, Nigeria, Chad vs. Northern Opposition",Chad,CHA,Polity,data
G2,Intra-state (civil) wars,North Mali War of 2012-2013,"Civil war - over local issues: France, Mali, Nigeria, Chad vs. Northern Opposition",Nigeria,NIG,Polity,data
G2,Intra-state (civil) wars,North Mali War of 2012-2013,"Civil war - over local issues: France, Mali, Nigeria, Chad vs. Northern Opposition",France,FRN,Polity,data
G2,Intra-state (civil) wars,North Mali War of 2012-2013,"Civil war - over local issues: France, Mali, Nigeria, Chad vs. Northern Opposition",Mali,MLI,Polity,data
G2,Intra-state (civil) wars,North Yemen War of 1962-1970,"Civil war - for central control: Egypt/United Arab Republic, Yemen Arab Republic vs. Royalists",Egypt,EGY,Polity,data
G2,Intra-state (civil) wars,North Yemen War of 1962-1970,"Civil war - for central control: Egypt/United Arab Republic, Yemen Arab Republic vs. Royalists",Yemen Arab Republic,YAR,Polity,data
G2,Intra-state (civil) wars,Oromo Liberation War of 1999,Civil war - over local issues: Ethiopia vs. OLF,Ethiopia,ETH,Polity,data
G2,Intra-state (civil) wars,Pakistan - Bengal War of 1971,"Civil war - over local issues: Pakistan vs. India, Bengalis",India,IND,Polity,data
G2,Intra-state (civil) wars,Pakistan - Bengal War of 1971,"Civil war - over local issues: Pakistan vs. India, Bengalis",Pakistan,PAK,Polity,data
G2,Intra-state (civil) wars,Panthay Rebellion phase 2 of 1860-1874,Civil war - over local issues: China vs. Hui Rebels,China,CHN,Polity,data
G2,Intra-state (civil) wars,Paraguay War of 1947,Civil war - for central control: Paraguay vs. Leftists,Paraguay,PAR,Polity,data
G2,Intra-state (civil) wars,Paraguayan Radical Liberal Rebellion of 1911-1912,Civil war - for central control: Paraguay vs. Radical Liberals,Paraguay,PAR,Polity,data
G2,Intra-state (civil) wars,Paris Commune War of 1871,Civil war - for central control: France vs. Paris Commune,France,FRN,Polity,data
G2,Intra-state (civil) wars,Patuleia War of 1846-1847,"Civil war - for central control: Spain, Portugal vs. Septembrists",Portugal,POR,Polity,data
G2,Intra-state (civil) wars,Patuleia War of 1846-1847,"Civil war - for central control: Spain, Portugal vs. Septembrists",Spain,SPN,Polity,data
G2,Intra-state (civil) wars,Paulista Rebellion of 1932,Civil war - for central control: Brazil vs. Paulistas,Brazil,BRA,Polity,data
G2,Intra-state (civil) wars,Permesta Rebellion of 1958-1961,Civil war - for central control: Indonesia vs. Permesta Rebels,Indonesia,INS,Polity,data
G2,Intra-state (civil) wars,Peru's National Problem of 1885,Civil war - over local issues: Peru vs. Huarez Indians,Peru,PER,Polity,data
G2,Intra-state (civil) wars,Peruvian Liberal Revolution of 1853-1855,Civil war - for central control: Peru vs. Liberals,Peru,PER,Polity,data
G2,Intra-state (civil) wars,Polish Ukrainians War of 1945-1947,"Civil war - over local issues: Poland, USSR vs. UPA",Poland,POL,Polity,data
G2,Intra-state (civil) wars,Polish Ukrainians War of 1945-1947,"Civil war - over local issues: Poland, USSR vs. UPA",Russia,RUS,Polity,data
G2,Intra-state (civil) wars,Puebla War of 1855-1856,Civil war - for central control: Mexico vs. Conservative Military,Mexico,MEX,Polity,data
G2,Intra-state (civil) wars,Punjab Rebellion of 1989-1993,Civil war - over local issues: India vs. Sikh Guerillas,India,IND,Polity,data
G2,Intra-state (civil) wars,Queretaro War of 1867,Civil war - for central control: Mexico vs. Liberals,Mexico,MEX,Polity,data
G2,Intra-state (civil) wars,Quintana Roo War of 1899-1901,Civil war - over local issues: Mexico vs. Mayan Cruzob,Mexico,MEX,Polity,data
G2,Intra-state (civil) wars,Revindication War of 1879,Civil war - for central control: Venezuela vs. Revindacadores,Venezuela,VEN,Polity,data
G2,Intra-state (civil) wars,Rhodesia War of 1976-1979,Civil war - for central control: Rhodesia vs. Patriotic Front,Zimbabwe,ZIM,Polity,data
G2,Intra-state (civil) wars,Romanian Peasant Revolt of 1907,Civil war - for central control: Rumania vs. Peasants,Romania,ROM,Polity,data
G2,Intra-state (civil) wars,Romanian War of 1989,Civil war - for central control: Romania vs. National Salvation Front,Romania,ROM,Polity,data
G2,Intra-state (civil) wars,Russian Civil War of 1917-1920,"Civil war - for central control: Russia vs. Finland, Japan, United Kingdom, United States of America, France, Anti-Bolsheviks",United States of America,USA,Polity,data
G2,Intra-state (civil) wars,Russian Civil War of 1917-1920,"Civil war - for central control: Russia vs. Finland, Japan, United Kingdom, United States of America, France, Anti-Bolsheviks",United Kingdom,UKG,Polity,data
G2,Intra-state (civil) wars,Russian Civil War of 1917-1920,"Civil war - for central control: Russia vs. Finland, Japan, United Kingdom, United States of America, France, Anti-Bolsheviks",Russia,RUS,Polity,data
G2,Intra-state (civil) wars,Russian Civil War of 1917-1920,"Civil war - for central control: Russia vs. Finland, Japan, United Kingdom, United States of America, France, Anti-Bolsheviks",Japan,JPN,Polity,data
G2,Intra-state (civil) wars,Russian Civil War of 1917-1920,"Civil war - for central control: Russia vs. Finland, Japan, United Kingdom, United States of America, France, Anti-Bolsheviks",France,FRN,Polity,data
G2,Intra-state (civil) wars,Russian Civil War of 1917-1920,"Civil war - for central control: Russia vs. Finland, Japan, United Kingdom, United States of America, France, Anti-Bolsheviks",Finland,FIN,Polity,data
G2,Intra-state (civil) wars,Russian Turkestan Revolt of 1916-1917,Civil war - over local issues: Russia vs. Kirghiz & Kazaks,Russia,RUS,Polity,data
G2,Intra-state (civil) wars,Sabinada Rebellion of 1837-1838,Civil war - over local issues: Brazil vs. Bahia Sabinada,Brazil,BRA,Polity,data
G2,Intra-state (civil) wars,Sahil Revolt of 1864-1865,Civil war - over local issues: Tunisia vs. Ghadam-led Rebels,Tunisia,TUN,Polity,data
G2,Intra-state (civil) wars,Sanaa Revolt of 1948,Civil war - for central control: Yemen vs. Pro-Ahmad Forces,Yemen Arab Republic,YAR,Polity,data
G2,Intra-state (civil) wars,Sandinista Rebellion of 1978-1979,Civil war - for central control: Nicaragua vs. Sandinistas,Nicaragua,NIC,Polity,data
G2,Intra-state (civil) wars,Sardinian Revolt of 1821,"Civil war - for central control: Austria, Sardinia vs. Piedmont Liberals",Austria-Hungary,AUH,Polity,data
G2,Intra-state (civil) wars,Sardinian Revolt of 1821,"Civil war - for central control: Austria, Sardinia vs. Piedmont Liberals",Italy,ITA,Polity,data
G2,Intra-state (civil) wars,Satsuma Rebellion of 1877,Civil war - for central control: Japan vs. Satsumas,Japan,JPN,Polity,data
G2,Intra-state (civil) wars,Saudi Revolt of 1904,Civil war - over local issues: Ottoman Empire vs. Ibn Saud-led Rebels,Turkey,TUR,Polity,data
G2,Intra-state (civil) wars,Saur Revolution of 1978,Civil war - for central control: Afghanistan vs. PDPA,Afghanistan,AFG,Polity,data
G2,Intra-state (civil) wars,Second Aceh War of 1999-2004,Civil war - over local issues: Indonesia vs. GAM,Indonesia,INS,Polity,data
G2,Intra-state (civil) wars,Second Afghan Anti-Reform War of 1928-1929,Civil war - for central control: Afghanistan vs. Anti-Reform Rebels,Afghanistan,AFG,Polity,data
G2,Intra-state (civil) wars,Second Afghan Civil War of 1989-1992,Civil war - for central control: Afghanistan vs. Mujahideen,Afghanistan,AFG,Polity,data
G2,Intra-state (civil) wars,Second Al-Houthi Rebellion of 2007-2008,Civil war - for central control: Yemen vs. Houthi Rebels,Yemen,YEM,Polity,data
G2,Intra-state (civil) wars,Second Albanian Revolt of 1910-1912,Civil war - over local issues: Ottoman Empire vs. Albanians,Turkey,TUR,Polity,data
G2,Intra-state (civil) wars,Second Argentina War of 1863,Civil war - for central control: Argentina vs. Monteneros,Argentina,ARG,Polity,data
G2,Intra-state (civil) wars,Second Bosnian War of 1841,Civil war - over local issues: Ottoman Empire vs. Bosnians,Turkey,TUR,Polity,data
G2,Intra-state (civil) wars,Second Burmese War of 1958-1960,Civil war - for central control: Burma vs. Karens & Communists,Myanmar,MYA,Polity,data
G2,Intra-state (civil) wars,Second Burundi War of 1993-1998,Civil war - for central control: Burundi vs. Tutsi,Burundi,BUI,Polity,data
G2,Intra-state (civil) wars,Second Carlist War of 1847-1849,Civil war - for central control: Spain vs. Carlists,Spain,SPN,Polity,data
G2,Intra-state (civil) wars,Second Chechen War of 1999-2003,Civil war - over local issues: Russia vs. Chechen Rebels,Russia,RUS,Polity,data
G2,Intra-state (civil) wars,Second Congo-Brazzaville War of 1998-1999,"Civil war - for central control: Republic of the Congo, Angola vs. Ninjas and Cocoye militias",Congo,CON,Polity,data
G2,Intra-state (civil) wars,Second Congo-Brazzaville War of 1998-1999,"Civil war - for central control: Republic of the Congo, Angola vs. Ninjas and Cocoye militias",Angola,ANG,Polity,data
G2,Intra-state (civil) wars,Second Cote d'Ivoire War of 2011,"Civil war - for central control: Cote d'Ivoire vs. France, New Forces",France,FRN,Polity,data
G2,Intra-state (civil) wars,Second Cote d'Ivoire War of 2011,"Civil war - for central control: Cote d'Ivoire vs. France, New Forces",Ivory Coast,CDI,Polity,data
G2,Intra-state (civil) wars,Second Cretan War of 1896-1897,Civil war - over local issues: Ottoman Empire vs. Cretans,Turkey,TUR,Polity,data
G2,Intra-state (civil) wars,Second DRC War of 1964-1965,Civil war - over local issues: Democratic Republic of the Congo vs. Jeunesse,Democratic Republic of the Congo,DRC,Polity,data
G2,Intra-state (civil) wars,Second Entre Rios War of 1873,Civil war - over local issues: Argentina vs. Entre Rios,Argentina,ARG,Polity,data
G2,Intra-state (civil) wars,Second French Insurrection of 1848,Civil war - for central control: France vs. Republicans,France,FRN,Polity,data
G2,Intra-state (civil) wars,Second Gansu Muslim Revolt of 1928-1929,Civil war - over local issues: China vs. Gansu Muslims,China,CHN,Polity,data
G2,Intra-state (civil) wars,Second Guatemala War of 1970-1971,Civil war - for central control: Guatemala vs. Leftists,Guatemala,GUA,Polity,data
G2,Intra-state (civil) wars,Second Iraqi Kurds War of 1965-1966,Civil war - over local issues: Iraq vs. KDP Factions,Iraq,IRQ,Polity,data
G2,Intra-state (civil) wars,Second Khmer Rouge War of 1989-1991,Civil war - for central control: Kampuchea vs. Khmer Rouge & KPNFL,Cambodia,CAM,Polity,data
G2,Intra-state (civil) wars,Second Laotian War of 1976-1979,"Civil war - over local issues: Laos, Vietnam vs. Chao Fa Rebels",Vietnam,DRV,Polity,data
G2,Intra-state (civil) wars,Second Laotian War of 1976-1979,"Civil war - over local issues: Laos, Vietnam vs. Chao Fa Rebels",Laos,LAO,Polity,data
G2,Intra-state (civil) wars,Second Lebanese War of 1975-1976,"Intercommunal: Maronite militias, Syria vs. Lebanese National Movement",Syria,SYR,Polity,data
G2,Intra-state (civil) wars,Second Liberian War of 1992-1996,"Civil war - for central control: Senegal, Guinea, Liberia, Ghana, Nigeria vs. NPFL",Nigeria,NIG,Polity,data
G2,Intra-state (civil) wars,Second Liberian War of 1992-1996,"Civil war - for central control: Senegal, Guinea, Liberia, Ghana, Nigeria vs. NPFL",Senegal,SEN,Polity,data
G2,Intra-state (civil) wars,Second Liberian War of 1992-1996,"Civil war - for central control: Senegal, Guinea, Liberia, Ghana, Nigeria vs. NPFL",Ghana,GHA,Polity,data
G2,Intra-state (civil) wars,Second Liberian War of 1992-1996,"Civil war - for central control: Senegal, Guinea, Liberia, Ghana, Nigeria vs. NPFL",Liberia,LBR,Polity,data
G2,Intra-state (civil) wars,Second Liberian War of 1992-1996,"Civil war - for central control: Senegal, Guinea, Liberia, Ghana, Nigeria vs. NPFL",Guinea,GUI,Polity,data
G2,Intra-state (civil) wars,Second Libyan Civil War of 2014-present,Civil war - for central control: Libya vs. Libyan Dawn,Libya,LIB,Polity,data
G2,Intra-state (civil) wars,Second Murid War of 1834,Civil war - over local issues: Russia vs. Murids,Russia,RUS,Polity,data
G2,Intra-state (civil) wars,Second Nationalist Revolution of 1913,Civil war - over local issues: China vs. Republicans,China,CHN,Polity,data
G2,Intra-state (civil) wars,Second Nien Revolt  of 1860-1868,Civil war - over local issues: China vs. Nien Society,China,CHN,Polity,data
G2,Intra-state (civil) wars,Second Ogaden War phase 1 of 1976-1977,"Civil war - over local issues: Ethiopia vs. Somalia, WSLF",Somalia,SOM,Polity,data
G2,Intra-state (civil) wars,Second Ogaden War phase 1 of 1976-1977,"Civil war - over local issues: Ethiopia vs. Somalia, WSLF",Ethiopia,ETH,Polity,data
G2,Intra-state (civil) wars,Second Ogaden War phase 3 of 1978-1980,"Civil war - over local issues: Cuba, Ethiopia vs. Somalia, Ogaden Independence Movement",Somalia,SOM,Polity,data
G2,Intra-state (civil) wars,Second Ogaden War phase 3 of 1978-1980,"Civil war - over local issues: Cuba, Ethiopia vs. Somalia, Ogaden Independence Movement",Ethiopia,ETH,Polity,data
G2,Intra-state (civil) wars,Second Ogaden War phase 3 of 1978-1980,"Civil war - over local issues: Cuba, Ethiopia vs. Somalia, Ogaden Independence Movement",Cuba,CUB,Polity,data
G2,Intra-state (civil) wars,Second Peru War of 1856-1858,Civil war - for central control: Peru vs. Conservatives,Peru,PER,Polity,data
G2,Intra-state (civil) wars,Second Philippine-Moro War of 2000-2001,Civil war - over local issues: Philippines vs. MILF & ASG,Philippines,PHI,Polity,data
G2,Intra-state (civil) wars,Second Philippine - NPA War of 2005-2006,Civil war - for central control: Philippines vs. NPA,Philippines,PHI,Polity,data
G2,Intra-state (civil) wars,Second Polish War of 1863-1864,Civil war - over local issues: Russia vs. Polish nationalists,Russia,RUS,Polity,data
G2,Intra-state (civil) wars,Second Rwanda War of 1994,Civil war - for central control: Rwanda vs. RPF,Rwanda,RWA,Polity,data
G2,Intra-state (civil) wars,Second Sierra Leone War of 1998-2000,"Civil war - for central control: Sierra Leone vs. Ghana, Nigeria, Guinea, United Kingdom, Kabbah Faction",Sierra Leone,SIE,Polity,data
G2,Intra-state (civil) wars,Second Sierra Leone War of 1998-2000,"Civil war - for central control: Sierra Leone vs. Ghana, Nigeria, Guinea, United Kingdom, Kabbah Faction",Ghana,GHA,Polity,data
G2,Intra-state (civil) wars,Second Sierra Leone War of 1998-2000,"Civil war - for central control: Sierra Leone vs. Ghana, Nigeria, Guinea, United Kingdom, Kabbah Faction",United Kingdom,UKG,Polity,data
G2,Intra-state (civil) wars,Second Sierra Leone War of 1998-2000,"Civil war - for central control: Sierra Leone vs. Ghana, Nigeria, Guinea, United Kingdom, Kabbah Faction",Guinea,GUI,Polity,data
G2,Intra-state (civil) wars,Second Sierra Leone War of 1998-2000,"Civil war - for central control: Sierra Leone vs. Ghana, Nigeria, Guinea, United Kingdom, Kabbah Faction",Nigeria,NIG,Polity,data
G2,Intra-state (civil) wars,Second Somalia War of 1991-1997,"Civil war - for central control: United States of America, Canada, France, Italy, Nigeria, Somalia, Pakistan vs. Pro-Aideed Alliance",United States of America,USA,Polity,data
G2,Intra-state (civil) wars,Second Somalia War of 1991-1997,"Civil war - for central control: United States of America, Canada, France, Italy, Nigeria, Somalia, Pakistan vs. Pro-Aideed Alliance",France,FRN,Polity,data
G2,Intra-state (civil) wars,Second Somalia War of 1991-1997,"Civil war - for central control: United States of America, Canada, France, Italy, Nigeria, Somalia, Pakistan vs. Pro-Aideed Alliance",Pakistan,PAK,Polity,data
G2,Intra-state (civil) wars,Second Somalia War of 1991-1997,"Civil war - for central control: United States of America, Canada, France, Italy, Nigeria, Somalia, Pakistan vs. Pro-Aideed Alliance",Italy,ITA,Polity,data
G2,Intra-state (civil) wars,Second Somalia War of 1991-1997,"Civil war - for central control: United States of America, Canada, France, Italy, Nigeria, Somalia, Pakistan vs. Pro-Aideed Alliance",Nigeria,NIG,Polity,data
G2,Intra-state (civil) wars,Second Somalia War of 1991-1997,"Civil war - for central control: United States of America, Canada, France, Italy, Nigeria, Somalia, Pakistan vs. Pro-Aideed Alliance",Somalia,SOM,Polity,data
G2,Intra-state (civil) wars,Second Somalia War of 1991-1997,"Civil war - for central control: United States of America, Canada, France, Italy, Nigeria, Somalia, Pakistan vs. Pro-Aideed Alliance",Canada,CAN,Polity,data
G2,Intra-state (civil) wars,Second South Sudan War of 1983-2002,"Civil war - for central control: Libya, Sudan vs. Uganda, SPLA-Garang faction",Uganda,UGA,Polity,data
G2,Intra-state (civil) wars,Second South Sudan War of 1983-2002,"Civil war - for central control: Libya, Sudan vs. Uganda, SPLA-Garang faction",Libya,LIB,Polity,data
G2,Intra-state (civil) wars,Second South Sudan War of 1983-2002,"Civil war - for central control: Libya, Sudan vs. Uganda, SPLA-Garang faction",Sudan,SUD,Polity,data
G2,Intra-state (civil) wars,Second Sri Lanka-JVP War of 1987-1989,Civil war - for central control: Sri Lanka vs. JVP,Sri Lanka,SRI,Polity,data
G2,Intra-state (civil) wars,Second Sri Lanka Tamil War of 1990-2001,Civil war - over local issues: Sri Lanka vs. LTTE,Sri Lanka,SRI,Polity,data
G2,Intra-state (civil) wars,Second Syrian War of 1839,Civil war - over local issues: Ottoman Empire vs. Egypt,Turkey,TUR,Polity,data
G2,Intra-state (civil) wars,Second Turco-Montenegrin War of 1858,Civil war - over local issues: Ottoman Empire vs. Montenegro,Turkey,TUR,Polity,data
G2,Intra-state (civil) wars,Second Two Sicilies War of 1848-1849,Civil war - for central control: Two Sicilies vs. Liberals,Two Sicilies,SIC,Polity,data
G2,Intra-state (civil) wars,Second Waziristan War of 2007-present,"Civil war - over local issues: United States, Pakistan vs. Taliban",United States of America,USA,Polity,data
G2,Intra-state (civil) wars,Second Waziristan War of 2007-present,"Civil war - over local issues: United States, Pakistan vs. Taliban",Pakistan,PAK,Polity,data
G2,Intra-state (civil) wars,Second West Papua War of 1977-1978,Civil war - over local issues: Indonesia vs. OPM,Indonesia,INS,Polity,data
G2,Intra-state (civil) wars,Second Yaqui War of 1899-1900,Civil war - over local issues: Mexico vs. Yaqui,Mexico,MEX,Polity,data
G2,Intra-state (civil) wars,Second Yemeni Imamate Rebellion of 1898-1899,Civil war - over local issues: Ottoman Empire vs. Muhammad al-Mansur Loyalists,Turkey,TUR,Polity,data
G2,Intra-state (civil) wars,Second Zhili-Fengtien War  of 1924,Civil war - for central control: China vs. Fengtien Faction,China,CHN,Polity,data
G2,Intra-state (civil) wars,Seventh Iraqi Kurds War of 1996,Civil war - over local issues: Iraq vs. PUK and INC,Iraq,IRQ,Polity,data
G2,Intra-state (civil) wars,Shaikh Said's Rebellion of 1925,Civil war - over local issues: Turkey vs. Zaza Kurds,Turkey,TUR,Polity,data
G2,Intra-state (civil) wars,Shining Path War of 1982-1992,Civil war - for central control: Peru vs. Shining Path,Peru,PER,Polity,data
G2,Intra-state (civil) wars,Simko Rebellion of 1921-1922,Civil war - over local issues: Iran vs. Shikak Kurds,Iran,IRN,Polity,data
G2,Intra-state (civil) wars,Sixth Colombian War of 1895,Civil war - for central control: Colombia vs. War Liberals,Colombia,COL,Polity,data
G2,Intra-state (civil) wars,Sixth Iraqi Kurds War of 1991,Civil war - over local issues: Iraq vs. Kurds,Iraq,IRQ,Polity,data
G2,Intra-state (civil) wars,Somali-Al-Shabaab war of 2014-present,"Civil war - for central control: United States, Uganda, Djibouti, Kenya, Burundi, Somalia, Ethiopia vs. Al-Shabaab",United States of America,USA,Polity,data
G2,Intra-state (civil) wars,Somali-Al-Shabaab war of 2014-present,"Civil war - for central control: United States, Uganda, Djibouti, Kenya, Burundi, Somalia, Ethiopia vs. Al-Shabaab",Ethiopia,ETH,Polity,data
G2,Intra-state (civil) wars,Somali-Al-Shabaab war of 2014-present,"Civil war - for central control: United States, Uganda, Djibouti, Kenya, Burundi, Somalia, Ethiopia vs. Al-Shabaab",Burundi,BUI,Polity,data
G2,Intra-state (civil) wars,Somali-Al-Shabaab war of 2014-present,"Civil war - for central control: United States, Uganda, Djibouti, Kenya, Burundi, Somalia, Ethiopia vs. Al-Shabaab",Somalia,SOM,Polity,data
G2,Intra-state (civil) wars,Somali-Al-Shabaab war of 2014-present,"Civil war - for central control: United States, Uganda, Djibouti, Kenya, Burundi, Somalia, Ethiopia vs. Al-Shabaab",Djibouti,DJI,Polity,data
G2,Intra-state (civil) wars,Somali-Al-Shabaab war of 2014-present,"Civil war - for central control: United States, Uganda, Djibouti, Kenya, Burundi, Somalia, Ethiopia vs. Al-Shabaab",Kenya,KEN,Polity,data
G2,Intra-state (civil) wars,Somali-Al-Shabaab war of 2014-present,"Civil war - for central control: United States, Uganda, Djibouti, Kenya, Burundi, Somalia, Ethiopia vs. Al-Shabaab",Uganda,UGA,Polity,data
G2,Intra-state (civil) wars,South Moluccas War of 1950,Civil war - over local issues: Indonesia vs. Republik Maluku Selan,Indonesia,INS,Polity,data
G2,Intra-state (civil) wars,South Sudan War of 2013 to present,"Civil war - for central control: Uganda, South Sudan vs. SPLM-IO",South Sudan,SSD,Polity,data
G2,Intra-state (civil) wars,South Sudan War of 2013 to present,"Civil war - for central control: Uganda, South Sudan vs. SPLM-IO",Uganda,UGA,Polity,data
G2,Intra-state (civil) wars,South Yemen War of 1986,Civil war - for central control: Yemen People's Republic vs. Leftist Factions,Yemen People's Republic,YPR,Polity,data
G2,Intra-state (civil) wars,South Yemeni Secessionist Revolt of 1994,Civil war - over local issues: Yemen vs. South Yemen,Yemen,YEM,Polity,data
G2,Intra-state (civil) wars,Southern China Revolt of 1917-1918,Civil war - over local issues: China vs. CPA,China,CHN,Polity,data
G2,Intra-state (civil) wars,Spainish Liberals War of 1868,Civil war - for central control: Spain vs. Liberals,Spain,SPN,Polity,data
G2,Intra-state (civil) wars,Spanish Civil War of 1936-1939,"Civil war - for central control: Spain, USSR vs. Portugal, Germany, Italy, Falange",Russia,RUS,Polity,data
G2,Intra-state (civil) wars,Spanish Civil War of 1936-1939,"Civil war - for central control: Spain, USSR vs. Portugal, Germany, Italy, Falange",Germany,GMY,Polity,data
G2,Intra-state (civil) wars,Spanish Civil War of 1936-1939,"Civil war - for central control: Spain, USSR vs. Portugal, Germany, Italy, Falange",Portugal,POR,Polity,data
G2,Intra-state (civil) wars,Spanish Civil War of 1936-1939,"Civil war - for central control: Spain, USSR vs. Portugal, Germany, Italy, Falange",Spain,SPN,Polity,data
G2,Intra-state (civil) wars,Spanish Civil War of 1936-1939,"Civil war - for central control: Spain, USSR vs. Portugal, Germany, Italy, Falange",Italy,ITA,Polity,data
G2,Intra-state (civil) wars,Spanish Miners War of 1934,Civil war - for central control: Spain vs. Asturian Miners,Spain,SPN,Polity,data
G2,Intra-state (civil) wars,Spanish Royalists War of 1821-1823,Civil war - for central control: Spain vs. Royalists,Spain,SPN,Polity,data
G2,Intra-state (civil) wars,Sudan Revolutionary Front Rebellion of 2011-present,Civil war - for central control: Sudan vs. SPLM-N,Sudan,SUD,Polity,data
G2,Intra-state (civil) wars,Syrian Arab Spring War of 2011 to present,Civil war - for central control: Iran vs. ,Syria,SYR,Polity,data
G2,Intra-state (civil) wars,Syrian Arab Spring War of 2011 to present,Civil war - for central control: Syria vs. Syrian Rebel Groups,Syria,SYR,Polity,data
G2,Intra-state (civil) wars,Syrian Arab Spring War of 2011 to present,Civil war - for central control: Iran vs. ,Iran,IRN,Polity,data
G2,Intra-state (civil) wars,Syrian Arab Spring War of 2011 to present,Civil war - for central control: Syria vs. Syrian Rebel Groups,Iran,IRN,Polity,data
G2,Intra-state (civil) wars,Taiping Rebellion phase 2 of 1860-1866,"Civil war - for central control: United Kingdom, China vs. Taipings",China,CHN,Polity,data
G2,Intra-state (civil) wars,Taiping Rebellion phase 2 of 1860-1866,"Civil war - for central control: United Kingdom, China vs. Taipings",United Kingdom,UKG,Polity,data
G2,Intra-state (civil) wars,Taiwan Revolt of 1947,Civil war - over local issues: China vs. Taiwanese,China,CHN,Polity,data
G2,Intra-state (civil) wars,Tajikistan War of 1992-1997,"Civil war - for central control: Russia, Tajikistan vs. United Tajik Opposition",Russia,RUS,Polity,data
G2,Intra-state (civil) wars,Tajikistan War of 1992-1997,"Civil war - for central control: Russia, Tajikistan vs. United Tajik Opposition",Tajikistan,TAJ,Polity,data
G2,Intra-state (civil) wars,Tampico Revolt of 1838-1839,Civil war - for central control: Mexico vs. Federalists,Mexico,MEX,Polity,data
G2,Intra-state (civil) wars,Telengana Rebellion of 1948-1950,Civil war - for central control: India vs. Hyderabad Communists,India,IND,Polity,data
G2,Intra-state (civil) wars,Texan War of 1835-1836,Civil war - over local issues: Mexico vs. Texas,Mexico,MEX,Polity,data
G2,Intra-state (civil) wars,Thai Communist Insurgency of 1972-1973,Civil war - for central control: Thailand vs. People's Liberation Army,Thailand,THI,Polity,data
G2,Intra-state (civil) wars,Third Al-Houthi Rebellion of 2014-2015,Civil war - for central control: Yemen vs. Ansar Allah,Yemen,YEM,Polity,data
G2,Intra-state (civil) wars,Third Angolan War of 1998-2002,"Civil war - for central control: Angola, Namibia vs. UNITA",Namibia,NAM,Polity,data
G2,Intra-state (civil) wars,Third Angolan War of 1998-2002,"Civil war - for central control: Angola, Namibia vs. UNITA",Angola,ANG,Polity,data
G2,Intra-state (civil) wars,Third Argentina War of 1866-1867,Civil war - for central control: Argentina vs. Monteneros,Argentina,ARG,Polity,data
G2,Intra-state (civil) wars,Third Bosnian War of 1850-1851,Civil war - over local issues: Ottoman Empire vs. Bosnian and Montenegrin Beys,Turkey,TUR,Polity,data
G2,Intra-state (civil) wars,Third Buenos Aires War of 1861-1862,Civil war - for central control: Argentina vs. Buenos Aires,Argentina,ARG,Polity,data
G2,Intra-state (civil) wars,Third Burmese War of 1965-1993,"Civil war - for central control: Burma vs. China, Karens & Communists",Myanmar,MYA,Polity,data
G2,Intra-state (civil) wars,Third Burmese War of 1965-1993,"Civil war - for central control: Burma vs. China, Karens & Communists",China,CHN,Polity,data
G2,Intra-state (civil) wars,Third Burundi War of 2001-2003,"Civil war - for central control: Burundi, Rwanda vs. FNL and FDD",Rwanda,RWA,Polity,data
G2,Intra-state (civil) wars,Third Burundi War of 2001-2003,"Civil war - for central control: Burundi, Rwanda vs. FNL and FDD",Burundi,BUI,Polity,data
G2,Intra-state (civil) wars,Third Carlist War of 1872-1876,Civil war - for central control: Spain vs. Carlists,Spain,SPN,Polity,data
G2,Intra-state (civil) wars,Third Colombian War of 1860-1862,Civil war - for central control: Colombia vs. Liberals,Colombia,COL,Polity,data
G2,Intra-state (civil) wars,Third DRC Rebellion of 1964-1965,Civil war - for central control: Democratic Republic of the Congo vs. CNL,Democratic Republic of the Congo,DRC,Polity,data
G2,Intra-state (civil) wars,Third DRC Rebellion of 1964-1965,Civil war - for central control: Democratic Republic of the Congo vs. CNL,Belgium,BEL,Polity,data
G2,Intra-state (civil) wars,Third Guatemala War of 1978-1983,Civil war - for central control: Guatemala vs. Leftists,Guatemala,GUA,Polity,data
G2,Intra-state (civil) wars,Third Iraqi Kurds War of 1968-1970,Civil war - over local issues: Iraq vs. KDP-Barzani,Iraq,IRQ,Polity,data
G2,Intra-state (civil) wars,Third Khmer Rouge War of 1993-1998,Civil war - for central control: Cambodia vs. Khmer Rouge,Cambodia,CAM,Polity,data
G2,Intra-state (civil) wars,Third Lebanese War of 1978,"Intercommunal: Lebanese Forces, Israel vs. Syria, PLO & Shiite militia",Syria,SYR,Polity,data
G2,Intra-state (civil) wars,Third Lebanese War of 1978,"Intercommunal: Lebanese Forces, Israel vs. Syria, PLO & Shiite militia",Israel,ISR,Polity,data
G2,Intra-state (civil) wars,Third Mexican War of 1910-1914,"Civil war - for central control: Mexico vs. United States, Liberals and Radicals",United States of America,USA,Polity,data
G2,Intra-state (civil) wars,Third Mexican War of 1910-1914,"Civil war - for central control: Mexico vs. United States, Liberals and Radicals",Mexico,MEX,Polity,data
G2,Intra-state (civil) wars,Third Murid War of 1836-1852,Civil war - over local issues: Russia vs. Murids,Russia,RUS,Polity,data
G2,Intra-state (civil) wars,Third Peru War of 1894-1895,Civil war - for central control: Peru vs. National Coalition,Peru,PER,Polity,data
G2,Intra-state (civil) wars,Third Philippine-Moro War of 2003,Civil war - over local issues: Philippines vs. MILF & ASG,Philippines,PHI,Polity,data
G2,Intra-state (civil) wars,Third Rwanda War of 1997-1998,Civil war - for central control: Rwanda vs. ALiR,Rwanda,RWA,Polity,data
G2,Intra-state (civil) wars,Third Somalia War of 2006-2012,"Civil war - for central control: United States, Uganda, Kenya, Burundi, Somalia, Ethiopia vs. Eritrea, ICU",Uganda,UGA,Polity,data
G2,Intra-state (civil) wars,Third Somalia War of 2006-2012,"Civil war - for central control: United States, Uganda, Kenya, Burundi, Somalia, Ethiopia vs. Eritrea, ICU",Ethiopia,ETH,Polity,data
G2,Intra-state (civil) wars,Third Somalia War of 2006-2012,"Civil war - for central control: United States, Uganda, Kenya, Burundi, Somalia, Ethiopia vs. Eritrea, ICU",United States of America,USA,Polity,data
G2,Intra-state (civil) wars,Third Somalia War of 2006-2012,"Civil war - for central control: United States, Uganda, Kenya, Burundi, Somalia, Ethiopia vs. Eritrea, ICU",Eritrea,ERI,Polity,data
G2,Intra-state (civil) wars,Third Somalia War of 2006-2012,"Civil war - for central control: United States, Uganda, Kenya, Burundi, Somalia, Ethiopia vs. Eritrea, ICU",Kenya,KEN,Polity,data
G2,Intra-state (civil) wars,Third Somalia War of 2006-2012,"Civil war - for central control: United States, Uganda, Kenya, Burundi, Somalia, Ethiopia vs. Eritrea, ICU",Somalia,SOM,Polity,data
G2,Intra-state (civil) wars,Third Somalia War of 2006-2012,"Civil war - for central control: United States, Uganda, Kenya, Burundi, Somalia, Ethiopia vs. Eritrea, ICU",Burundi,BUI,Polity,data
G2,Intra-state (civil) wars,Third Sri Lanka Tamil War of 2006-2009,Civil war - over local issues: Sri Lanka vs. LTTE,Sri Lanka,SRI,Polity,data
G2,Intra-state (civil) wars,Third Syrian War of 1840-1841,"Civil war - over local issues: United Kingdom, Ottoman Empire vs. Egypt",United Kingdom,UKG,Polity,data
G2,Intra-state (civil) wars,Third Syrian War of 1840-1841,"Civil war - over local issues: United Kingdom, Ottoman Empire vs. Egypt",Turkey,TUR,Polity,data
G2,Intra-state (civil) wars,Third Turco-Montenegrin War of 1861-1862,Civil war - over local issues: Ottoman Empire vs. Montenegro and Hercegovina,Turkey,TUR,Polity,data
G2,Intra-state (civil) wars,Third Yemeni Imamate Rebellion of 1902-1906,Civil war - over local issues: Ottoman Empire vs. Zaidi Imamate,Turkey,TUR,Polity,data
G2,Intra-state (civil) wars,Tibetan Khamba Rebellion of 1956-1959,Civil war - over local issues: China vs. Khamba Tibetans,China,CHN,Polity,data
G2,Intra-state (civil) wars,Tigrean & Eritrean War of 1982-1991,Civil war - over local issues: Ethiopia vs. TPLF & EPLF,Ethiopia,ETH,Polity,data
G2,Intra-state (civil) wars,Tonghak Rebellion phase 1 of 1894,"Civil war - over local issues: China, Korea vs. Tonghak Society",China,CHN,Polity,data
G2,Intra-state (civil) wars,Tonghak Rebellion phase 1 of 1894,"Civil war - over local issues: China, Korea vs. Tonghak Society",Korea,KOR,Polity,data
G2,Intra-state (civil) wars,Triangular Revolt of 1841,Civil war - for central control: Mexico vs. Military Rebels,Mexico,MEX,Polity,data
G2,Intra-state (civil) wars,Tungan Rebellion of 1862-1873,Civil war - over local issues: China vs. Shaanxi and Gansu Muslims,China,CHN,Polity,data
G2,Intra-state (civil) wars,Turkey-PKK War of 1991-1999,Civil war - over local issues: Turkey vs. Kurds,Turkey,TUR,Polity,data
G2,Intra-state (civil) wars,U.S. Civil War of 1861-1865,Civil war - over local issues: United States of America vs. Confederate States of America,United States of America,USA,Polity,data
G2,Intra-state (civil) wars,Uganda-NRA War of 1982-1986,Civil war - for central control: Uganda vs. NRA,Uganda,UGA,Polity,data
G2,Intra-state (civil) wars,Ukrainian Partisans War of 1945-1947,Civil war - over local issues: USSR vs. UPA,Russia,RUS,Polity,data
G2,Intra-state (civil) wars,Venezualan Blue Revolution of 1867-1868,Civil war - for central control: Venezuela vs. Blue Coalition,Venezuela,VEN,Polity,data
G2,Intra-state (civil) wars,Venezuela's Legalist Revolution of 1892,Civil war - for central control: Venezuela vs. Legalists,Venezuela,VEN,Polity,data
G2,Intra-state (civil) wars,Venezuelan Federal War of 1859-1863,Civil war - for central control: Venezuela vs. Liberals,Venezuela,VEN,Polity,data
G2,Intra-state (civil) wars,Venezuelan Yellow Revolution of 1869-1872,Civil war - for central control: Venezuela vs. Liberals,Venezuela,VEN,Polity,data
G2,Intra-state (civil) wars,Viennese Revolt of 1848,Civil war - for central control: Austria vs. Vienna Liberals,Austria-Hungary,AUH,Polity,data
G2,Intra-state (civil) wars,Vietnam War phase 1 of 1960-1965,"Civil war - for central control: United States of America, Republic of Vietnam vs. NLF, Democratic Republic of Vietnam",Vietnam,DRV,Polity,data
G2,Intra-state (civil) wars,Vietnam War phase 1 of 1960-1965,"Civil war - for central control: United States of America, Republic of Vietnam vs. NLF, Democratic Republic of Vietnam",United States of America,USA,Polity,data
G2,Intra-state (civil) wars,Vietnam War phase 1 of 1960-1965,"Civil war - for central control: United States of America, Republic of Vietnam vs. NLF, Democratic Republic of Vietnam",Republic of Vietnam,RVN,Polity,data
G2,Intra-state (civil) wars,War of  Ecuadorian Generals of 1912,Civil war - for central control: Ecuador vs. Alfaristas,Ecuador,ECU,Polity,data
G2,Intra-state (civil) wars,Western Ukrainian War of 1918-1919,"Regional internal: Western Ukraine vs. Ukranian Poles, Poland",Poland,POL,Polity,data
G2,Intra-state (civil) wars,Weyane Rebellion of 1943,Civil war - over local issues: Ethiopia vs. Weyane Rebels,Ethiopia,ETH,Polity,data
G2,Intra-state (civil) wars,Xinjiang Muslim Revolt of 1864-1866,Civil war - over local issues: China vs. Xinjiang Muslims,China,CHN,Polity,data
G2,Intra-state (civil) wars,Xinjiang Revolt of 1932-1933,Civil war - over local issues: China vs. Xinjiang,China,CHN,Polity,data
G2,Intra-state (civil) wars,Xinjiang Revolt of 1932-1934,Civil war - over local issues:  vs. USSR,Russia,RUS,Polity,data
G2,Intra-state (civil) wars,Yellow Cliff Revolt of 1866,Civil war - over local issues: China vs. Zhang Jizhong-led Rebels,China,CHN,Polity,data
G2,Intra-state (civil) wars,Young Turks Counter-Coup of 1909,Civil war - for central control: Ottoman Empire vs. Constitutionalists,Turkey,TUR,Polity,data
G2,Intra-state (civil) wars,Zacatecas Rebellion of 1835,Civil war - for central control: Mexico vs. Zacatecas Militia,Mexico,MEX,Polity,data
G2,Intra-state (civil) wars,Zaili-Jinden Revolt of 1891,Civil war - for central control: China vs. Zailis and Jinden,China,CHN,Polity,data
G2,Intra-state (civil) wars,Zaire-FNLC War of 1978,"Civil war - for central control: Belgium, France, Zaire vs. FNLC",France,FRN,Polity,data
G2,Intra-state (civil) wars,Zaire-FNLC War of 1978,"Civil war - for central control: Belgium, France, Zaire vs. FNLC",Belgium,BEL,Polity,data
G2,Intra-state (civil) wars,Zaire-FNLC War of 1978,"Civil war - for central control: Belgium, France, Zaire vs. FNLC",Democratic Republic of the Congo,DRC,Polity,data
G2,Intra-state (civil) wars,Zaire - AFDL War of 1996-1997,"Civil war - for central control: Zaire vs. Uganda, Burundi, Rwanda, Angola, AFDL Coalition",Angola,ANG,Polity,data
G2,Intra-state (civil) wars,Zaire - AFDL War of 1996-1997,"Civil war - for central control: Zaire vs. Uganda, Burundi, Rwanda, Angola, AFDL Coalition",Uganda,UGA,Polity,data
G2,Intra-state (civil) wars,Zaire - AFDL War of 1996-1997,"Civil war - for central control: Zaire vs. Uganda, Burundi, Rwanda, Angola, AFDL Coalition",Rwanda,RWA,Polity,data
G2,Intra-state (civil) wars,Zaire - AFDL War of 1996-1997,"Civil war - for central control: Zaire vs. Uganda, Burundi, Rwanda, Angola, AFDL Coalition",Burundi,BUI,Polity,data
G2,Intra-state (civil) wars,Zaire - AFDL War of 1996-1997,"Civil war - for central control: Zaire vs. Uganda, Burundi, Rwanda, Angola, AFDL Coalition",Democratic Republic of the Congo,DRC,Polity,data
